customer_key,customer_number,customer_name,age,age_group,customer_segment,last_order_date,recency,total_orders,total_sales,total_quantity,lifespan,avg_order_value,avg_monthly_spend
1,AW00011000,"Jon Yang",53,"50 and above",VIP,2013-05-03,143,3,8249,8,8,2749.6667,294.6071
2,AW00011001,"Eugene Huang",48,40-49,VIP,2013-12-10,135,3,6384,11,10,2128.0000,182.4000
3,AW00011002,"Ruben Torres",54,"50 and above",VIP,2013-02-23,145,3,8114,4,4,2704.6667,324.5600
4,AW00011003,"Christy Zhu",51,"50 and above",VIP,2013-05-10,142,3,8139,9,9,2713.0000,280.6552
5,AW00011004,"Elizabeth Johnson",45,40-49,VIP,2013-05-01,143,3,8196,6,6,2732.0000,292.7143
6,AW00011005,"Julio Ruiz",48,40-49,VIP,2013-05-02,143,3,8121,6,6,2707.0000,280.0345
7,AW00011006,"Janet Alvarez",48,40-49,VIP,2013-05-14,142,3,8119,5,5,2706.3333,289.9643
8,AW00011007,"Marco Mehta",55,"50 and above",VIP,2013-03-19,144,3,8211,8,8,2737.0000,315.8077
9,AW00011008,"Rob Verhoff",49,40-49,VIP,2013-03-02,145,3,8106,7,7,2702.0000,311.7692
10,AW00011009,"Shannon Carlson",55,"50 and above",VIP,2013-05-09,142,3,8091,5,5,2697.0000,288.9643
11,AW00011010,"Jacquelyn Suarez",55,"50 and above",VIP,2013-05-23,142,3,8088,4,4,2696.0000,288.8571
12,AW00011011,"Curtis Lu",55,"50 and above",VIP,2013-03-19,144,3,8133,4,4,2711.0000,301.2222
13,AW00011012,"Lauren Walker",46,40-49,New,2013-10-15,137,2,81,5,5,40.5000,11.5714
14,AW00011013,"Ian Jenkins",45,40-49,New,2014-01-21,134,2,114,5,5,57.0000,12.6667
15,AW00011014,"Sydney Bennett",51,"50 and above",New,2013-04-30,143,2,138,6,5,69.0000,138.0000
16,AW00011015,"Chloe Young",40,40-49,New,2013-01-18,146,1,2501,3,3,2501.0000,2501
17,AW00011016,"Wyatt Hill",40,40-49,New,2013-02-09,145,1,2332,3,3,2332.0000,2332
18,AW00011017,"Shannon Wang",75,"50 and above",VIP,2013-10-14,137,3,6434,4,4,2144.6667,194.9697
19,AW00011018,"Clarence Rai",69,"50 and above",VIP,2013-10-24,137,3,6533,7,7,2177.6667,197.9697
20,AW00011019,"Luke Lal",41,40-49,New,2014-01-12,134,17,880,33,20,51.7647,80.0000
21,AW00011020,"Jordan King",41,40-49,New,2012-12-29,147,1,2317,2,2,2317.0000,2317
22,AW00011021,"Destiny Wilson",41,40-49,New,2013-01-23,146,1,2372,3,3,2372.0000,2372
23,AW00011022,"Ethan Zhang",40,40-49,New,2013-01-20,146,1,2322,2,2,2322.0000,2322
24,AW00011023,"Seth Edwards",40,40-49,New,2014-01-14,134,2,122,6,6,61.0000,11.0909
25,AW00011024,"Russell Xie",41,40-49,New,2013-07-26,140,2,56,6,5,28.0000,56.0000
26,AW00011025,"Alejandro Beck",73,"50 and above",VIP,2013-10-25,137,3,6577,6,6,2192.3333,199.3030
27,AW00011026,"Harold Sai",73,"50 and above",VIP,2013-10-15,137,3,6575,7,7,2191.6667,199.2424
28,AW00011027,"Jessie Zhao",72,"50 and above",VIP,2013-10-24,137,3,6591,9,9,2197.0000,199.7273
29,AW00011028,"Jill Jimenez",73,"50 and above",VIP,2013-10-07,137,3,6474,5,5,2158.0000,196.1818
30,AW00011029,"Jimmy Moreno",72,"50 and above",VIP,2013-11-11,136,3,6565,7,7,2188.3333,193.0882
31,AW00011030,"Bethany Yuan",67,"50 and above",VIP,2013-11-09,136,3,6471,4,4,2157.0000,196.0909
32,AW00011031,"Theresa Ramos",72,"50 and above",VIP,2013-11-13,136,3,6478,6,6,2159.3333,196.3030
33,AW00011032,"Denise Stone",72,"50 and above",VIP,2013-11-08,136,3,6525,10,10,2175.0000,197.7273
34,AW00011033,"Jaime Nath",66,"50 and above",VIP,2013-11-05,136,3,6495,7,7,2165.0000,196.8182
35,AW00011034,"Ebony Gonzalez",72,"50 and above",VIP,2013-11-10,136,3,6491,4,4,2163.6667,196.6970
36,AW00011035,"Wendy Dominguez",71,"50 and above",VIP,2013-11-15,136,3,6451,5,5,2150.3333,195.4848
37,AW00011036,"Jennifer Russell",40,40-49,New,2013-01-22,146,1,2355,2,2,2355.0000,2355
38,AW00011037,"Chloe Garcia",41,40-49,New,2013-01-20,146,1,2374,7,7,2374.0000,2374
39,AW00011038,"Diana Hernandez",71,"50 and above",VIP,2013-11-12,136,3,6437,3,3,2145.6667,195.0606
40,AW00011039,"Marc Martin",70,"50 and above",VIP,2013-11-11,136,3,6636,9,8,2212.0000,201.0909
41,AW00011040,"Jesse Murphy",42,40-49,New,2013-04-03,144,1,2351,3,3,2351.0000,2351
42,AW00011041,"Amanda Carter",41,40-49,New,2013-01-14,146,1,2381,3,3,2381.0000,2381
43,AW00011042,"Megan Sanchez",42,40-49,New,2013-10-17,137,2,3112,3,3,1556.0000,345.7778
44,AW00011043,"Nathan Simmons",43,40-49,New,2013-08-18,139,2,48,3,3,24.0000,16.0000
45,AW00011044,"Adam Flores",70,"50 and above",VIP,2013-11-08,136,3,6515,7,7,2171.6667,197.4242
46,AW00011045,"Leonard Nara",69,"50 and above",New,2013-10-29,137,2,115,4,4,57.5000,19.1667
47,AW00011046,"Christine Yuan",69,"50 and above",VIP,2013-11-12,136,3,6616,6,6,2205.3333,200.4848
48,AW00011047,"Jaclyn Lu",69,"50 and above",VIP,2013-11-19,136,3,6582,4,4,2194.0000,199.4545
49,AW00011048,"Jeremy Powell",68,"50 and above",VIP,2013-12-25,135,3,6498,8,8,2166.0000,191.1176
50,AW00011049,"Carol Rai",39,30-39,New,2013-10-29,137,2,81,5,5,40.5000,11.5714
51,AW00011050,"Alan Zheng",68,"50 and above",VIP,2013-11-19,136,3,5007,6,6,1669.0000,151.7273
52,AW00011051,"Daniel Johnson",68,"50 and above",New,2014-01-01,135,2,124,5,5,62.0000,124.0000
53,AW00011052,"Heidi Lopez",68,"50 and above",VIP,2013-05-27,142,3,8131,7,7,2710.3333,301.1481
54,AW00011053,"Ana Price",39,30-39,New,2013-01-17,146,1,2330,2,2,2330.0000,2330
55,AW00011054,"Deanna Munoz",67,"50 and above",VIP,2013-05-30,142,3,8223,6,6,2741.0000,304.5556
56,AW00011055,"Gilbert Raje",67,"50 and above",VIP,2013-06-07,141,3,8168,8,8,2722.6667,281.6552
57,AW00011056,"Michele Nath",66,"50 and above",VIP,2013-05-31,142,3,8207,8,8,2735.6667,303.9630
58,AW00011057,"Carl Andersen",54,"50 and above",VIP,2013-05-21,142,3,8088,4,4,2696.0000,299.5556
59,AW00011058,"Marc Diaz",59,"50 and above",VIP,2013-06-04,141,3,8248,6,6,2749.3333,305.4815
60,AW00011059,"Ashlee Andersen",65,"50 and above",New,2013-03-16,144,3,117,7,6,39.0000,117.0000
61,AW00011060,"Jon Zhou",65,"50 and above",VIP,2013-06-25,141,3,8153,6,6,2717.6667,301.9630
62,AW00011061,"Todd Gao",49,40-49,VIP,2013-06-14,141,3,8129,6,6,2709.6667,301.0741
63,AW00011062,"Noah Powell",44,40-49,New,2013-01-07,146,1,2352,3,3,2352.0000,2352
64,AW00011063,"Angela Murphy",44,40-49,New,2013-01-12,146,1,2373,5,5,2373.0000,2373
65,AW00011064,"Chase Reed",43,40-49,New,2013-01-25,146,1,2305,2,2,2305.0000,2305
66,AW00011065,"Jessica Henderson",45,40-49,New,2014-01-10,134,2,202,5,4,101.0000,18.3636
67,AW00011066,"Grace Butler",45,40-49,New,2013-09-19,138,2,81,5,5,40.5000,20.2500
68,AW00011067,"Caleb Carter",43,40-49,New,2014-01-12,134,2,105,6,6,52.5000,21.0000
69,AW00011068,"Tiffany Liang",58,"50 and above",New,2013-10-08,137,3,113,9,8,37.6667,18.8333
70,AW00011069,"Carolyn Navarro",58,"50 and above",VIP,2013-06-04,141,3,8104,3,3,2701.3333,311.6923
71,AW00011070,"Willie Raji",64,"50 and above",VIP,2013-06-26,141,3,8165,10,9,2721.6667,314.0385
72,AW00011071,"Linda Serrano",64,"50 and above",New,2013-12-01,136,3,110,7,6,36.6667,12.2222
73,AW00011072,"Casey Luo",64,"50 and above",VIP,2013-06-15,141,3,8194,7,7,2731.3333,303.4815
74,AW00011073,"Amy Ye",63,"50 and above",New,2013-08-21,139,3,192,10,9,64.0000,38.4000
75,AW00011074,"Levi Arun",63,"50 and above",New,2013-05-27,142,3,94,7,7,31.3333,47.0000
76,AW00011075,"Felicia Jimenez",61,"50 and above",VIP,2013-06-24,141,3,8068,5,5,2689.3333,310.3077
77,AW00011076,"Blake Anderson",62,"50 and above",VIP,2013-06-21,141,3,8159,4,4,2719.6667,313.8077
78,AW00011077,"Leah Ye",62,"50 and above",VIP,2013-06-12,141,3,8169,5,5,2723.0000,314.1923
79,AW00011078,"Gina Martin",40,40-49,New,2014-01-28,134,17,912,31,23,53.6471,82.9091
80,AW00011079,"Donald Gonzalez",55,"50 and above",New,2014-01-01,135,3,58,5,5,19.3333,5.8000
81,AW00011080,"Damien Chander",60,"50 and above",VIP,2013-06-23,141,3,8204,7,7,2734.6667,315.5385
82,AW00011081,"Savannah Baker",53,"50 and above",New,2013-04-13,143,2,104,5,5,52.0000,52.0000
83,AW00011082,"Angela Butler",53,"50 and above",New,2013-11-06,136,2,3110,6,6,1555.0000,311.0000
84,AW00011083,"Alyssa Cox",48,40-49,New,2013-11-08,136,2,3137,5,5,1568.5000,313.7000
85,AW00011084,"Lucas Phillips",62,"50 and above",New,2013-11-21,136,2,3078,5,5,1539.0000,307.8000
86,AW00011085,"Emily Johnson",62,"50 and above",New,2014-01-08,134,2,129,5,5,64.5000,129.0000
87,AW00011086,"Ryan Brown",61,"50 and above",New,2013-12-21,135,2,153,6,6,76.5000,30.6000
88,AW00011087,"Tamara Liang",62,"50 and above",New,2013-08-09,139,2,200,4,4,100.0000,33.3333
89,AW00011088,"Hunter Davis",61,"50 and above",New,2013-11-12,136,2,3176,7,7,1588.0000,317.6000
90,AW00011089,"Abigail Price",62,"50 and above",New,2013-11-18,136,2,3188,7,7,1594.0000,289.8182
91,AW00011090,"Trevor Bryant",56,"50 and above",VIP,2013-11-21,136,3,6703,6,6,2234.3333,248.2593
92,AW00011091,"Dalton Perez",62,"50 and above",Regular,2014-01-08,134,28,1186,59,25,42.3571,98.8333
93,AW00011092,"Cheryl Diaz",52,"50 and above",VIP,2013-06-21,141,3,8110,5,5,2703.3333,311.9231
94,AW00011093,"Aimee He",46,40-49,VIP,2013-06-08,141,3,8180,7,7,2726.6667,314.6154
95,AW00011094,"Cedric Ma",57,"50 and above",New,2014-01-11,134,3,236,8,8,78.6667,26.2222
96,AW00011095,"Chad Kumar",57,"50 and above",VIP,2013-06-25,141,3,8158,7,7,2719.3333,313.7692
97,AW00011096,"Andr├®s Anand",57,"50 and above",VIP,2013-07-30,140,3,8063,4,4,2687.6667,298.6296
98,AW00011097,"Edwin Nara",52,"50 and above",VIP,2013-07-24,140,3,8099,5,5,2699.6667,299.9630
99,AW00011098,"Mallory Rubio",58,"50 and above",New,2013-10-16,137,3,89,4,4,29.6667,11.1250
100,AW00011099,"Adam Ross",58,"50 and above",VIP,2013-07-01,141,3,8216,9,8,2738.6667,304.2963
101,AW00011100,"Latasha Navarro",59,"50 and above",VIP,2013-08-07,139,3,8172,7,7,2724.0000,291.8571
102,AW00011101,"Abby Sai",54,"50 and above",VIP,2013-06-29,141,3,8262,7,7,2754.0000,317.7692
103,AW00011102,"Julia Nelson",54,"50 and above",New,2013-12-09,135,3,103,5,5,34.3333,20.6000
104,AW00011103,"Cassie Chande",43,40-49,VIP,2013-06-06,141,3,8182,8,8,2727.3333,314.6923
105,AW00011104,"Edgar Sara",50,"50 and above",VIP,2013-06-15,141,3,8173,6,6,2724.3333,326.9200
106,AW00011105,"Candace Fernandez",54,"50 and above",VIP,2013-06-05,141,3,8096,5,5,2698.6667,323.8400
107,AW00011106,"Jessie Liu",55,"50 and above",VIP,2013-06-15,141,3,8079,3,3,2693.0000,323.1600
108,AW00011107,"Bianca Lin",49,40-49,VIP,2013-06-21,141,3,8171,6,6,2723.6667,326.8400
109,AW00011108,"Kari Alvarez",56,"50 and above",VIP,2013-06-23,141,3,8124,5,5,2708.0000,324.9600
110,AW00011109,"Ruben Kapoor",44,40-49,VIP,2013-06-24,141,3,8245,8,8,2748.3333,329.8000
111,AW00011110,"Curtis Yang",57,"50 and above",VIP,2013-08-20,139,3,8093,5,5,2697.6667,299.7407
112,AW00011111,"Meredith Gutierrez",57,"50 and above",VIP,2013-08-22,139,3,8137,8,8,2712.3333,301.3704
113,AW00011112,"Crystal Wang",57,"50 and above",VIP,2013-09-02,139,3,8295,6,6,2765.0000,296.2500
114,AW00011113,"Micheal Blanco",52,"50 and above",New,2013-04-21,143,3,110,7,7,36.6667,55.0000
115,AW00011114,"Leslie Moreno",57,"50 and above",New,2013-12-26,135,3,123,7,6,41.0000,13.6667
116,AW00011115,"Alvin Cai",57,"50 and above",New,2014-01-02,135,3,114,6,6,38.0000,10.3636
117,AW00011116,"Clinton Carlson",46,40-49,New,2013-10-16,137,3,149,7,7,49.6667,21.2857
118,AW00011117,"April Deng",58,"50 and above",VIP,2013-06-25,141,3,8185,8,8,2728.3333,327.4000
119,AW00011118,"Alvin Zeng",62,"50 and above",New,2014-01-26,134,3,124,8,6,41.3333,20.6667
120,AW00011119,"Evan James",84,"50 and above",New,2013-11-23,136,2,85,4,4,42.5000,9.4444
121,AW00011120,"Beth Jim├®nez",83,"50 and above",VIP,2013-09-19,138,3,8242,10,10,2747.3333,294.3571
122,AW00011121,"Orlando Suarez",58,"50 and above",New,2013-11-04,136,3,58,6,5,19.3333,11.6000
123,AW00011122,"Byron Vazquez",59,"50 and above",New,2013-08-22,139,3,43,3,3,14.3333,7.1667
124,AW00011123,"Philip Alvarez",59,"50 and above",New,2014-01-25,134,3,150,8,7,50.0000,16.6667
125,AW00011124,"Ross Jordan",56,"50 and above",VIP,2013-06-18,141,3,8129,6,6,2709.6667,325.1600
126,AW00011125,"Dana Navarro",63,"50 and above",New,2013-07-03,141,3,79,7,7,26.3333,13.1667
127,AW00011126,"Shaun Carson",70,"50 and above",Regular,2013-11-03,137,3,4971,8,7,1657.0000,165.7000
128,AW00011127,"Jan Edwards",43,40-49,New,2013-10-01,138,2,44,3,3,22.0000,7.3333
129,AW00011128,"Samantha Long",43,40-49,New,2013-08-12,139,2,144,7,7,72.0000,72.0000
130,AW00011129,"Julia Wright",44,40-49,VIP,2013-01-09,146,2,5873,2,2,2936.5000,345.4706
131,AW00011130,"Caroline Russell",39,30-39,New,2013-12-09,135,1,37,2,2,37.0000,37
132,AW00011131,"Amanda Rivera",39,30-39,New,2014-01-23,134,5,166,9,9,33.2000,55.3333
133,AW00011132,"Melissa Richardson",38,30-39,New,2013-04-09,143,1,2372,6,6,2372.0000,2372
134,AW00011133,"Angela Griffin",39,30-39,New,2013-12-30,135,1,72,4,4,72.0000,72
135,AW00011134,"Larry Townsend",68,"50 and above",Regular,2013-11-03,137,3,4911,3,3,1637.0000,163.7000
136,AW00011135,"Marcus Harris",39,30-39,New,2013-04-18,143,1,2335,3,3,2335.0000,2335
137,AW00011136,"Brianna Morgan",40,40-49,New,2013-01-03,147,1,2381,3,3,2381.0000,2381
138,AW00011137,"Jasmine Taylor",41,40-49,New,2014-01-20,134,2,202,5,4,101.0000,33.6667
139,AW00011138,"Lauren Davis",41,40-49,New,2013-12-31,135,2,79,4,4,39.5000,26.3333
140,AW00011139,"Tanya Moreno",75,"50 and above",New,2013-10-17,137,2,84,3,3,42.0000,84.0000
141,AW00011140,"Javier Alvarez",42,40-49,New,2013-03-19,144,1,40,2,2,40.0000,40
142,AW00011141,"Nicole Ramirez",42,40-49,New,2013-09-28,138,2,114,5,5,57.0000,28.5000
143,AW00011142,"Eduardo Patterson",42,40-49,New,2014-01-13,134,17,979,36,23,57.5882,89.0000
144,AW00011143,"Jonathan Henderson",42,40-49,New,2013-12-19,135,2,48,5,4,24.0000,8.0000
145,AW00011144,"Edward Hernandez",40,40-49,New,2013-01-25,146,1,2400,3,3,2400.0000,2400
146,AW00011145,"Jasmine Coleman",39,30-39,New,2013-01-25,146,1,2310,3,3,2310.0000,2310
147,AW00011146,"Karla Goel",80,"50 and above",New,2013-09-15,138,3,113,7,6,37.6667,16.1429
148,AW00011147,"Ernest Wu",80,"50 and above",VIP,2013-10-16,137,3,8195,7,7,2731.6667,282.5862
149,AW00011148,"Ross Vazquez",78,"50 and above",New,2013-12-03,136,3,126,6,5,42.0000,14.0000
150,AW00011149,"Theodore Gill",78,"50 and above",New,2013-11-29,136,3,41,4,4,13.6667,8.2000
151,AW00011150,"Russell Shen",78,"50 and above",New,2013-07-15,140,3,192,8,7,64.0000,48.0000
152,AW00011151,"Melinda Gill",77,"50 and above",VIP,2013-10-20,137,3,8087,6,6,2695.6667,278.8621
153,AW00011152,"James Williams",43,40-49,New,2013-01-09,146,1,2295,1,1,2295.0000,2295
154,AW00011153,"Angela James",43,40-49,New,2013-03-29,144,2,110,5,5,55.0000,110
155,AW00011154,"Megan Walker",43,40-49,New,2013-01-10,146,1,2320,1,1,2320.0000,2320
156,AW00011155,"Hunter Robinson",43,40-49,New,2013-01-06,146,1,2320,1,1,2320.0000,2320
157,AW00011156,"Maria Roberts",43,40-49,New,2013-01-08,146,1,2390,4,4,2390.0000,2390
158,AW00011157,"Hannah Long",44,40-49,New,2013-09-11,138,2,41,3,3,20.5000,20.5000
159,AW00011158,"Jason Wright",43,40-49,New,2013-01-19,146,1,2396,3,3,2396.0000,2396
160,AW00011159,"Brianna Hughes",44,40-49,New,2013-11-07,136,2,48,5,4,24.0000,24.0000
161,AW00011160,"Maurice Tang",45,40-49,New,2013-02-21,145,1,2322,2,2,2322.0000,2322
162,AW00011161,"Emily Wood",45,40-49,New,2013-11-11,136,2,94,6,6,47.0000,18.8000
163,AW00011162,"Chase Cox",45,40-49,New,2013-02-18,145,1,2330,2,2,2330.0000,2330
164,AW00011163,"Gabriel Wang",44,40-49,New,2013-08-05,139,2,46,4,4,23.0000,15.3333
165,AW00011164,"Devin Brooks",45,40-49,New,2013-08-05,139,2,145,6,6,72.5000,36.2500
166,AW00011165,"Jocelyn Alexander",46,40-49,New,2013-06-05,141,2,103,3,3,51.5000,103.0000
167,AW00011166,"Ashley Martinez",47,40-49,New,2013-12-06,135,2,88,5,5,44.0000,44.0000
168,AW00011167,"Jasmine Barnes",47,40-49,New,2013-11-28,136,2,3126,4,4,1563.0000,312.6000
169,AW00011168,"David Rodriguez",51,"50 and above",New,2013-11-16,136,2,3136,7,7,1568.0000,313.6000
170,AW00011169,"Bryce Richardson",51,"50 and above",New,2013-09-24,138,2,81,5,5,40.5000,20.2500
171,AW00011170,"Carol Howard",51,"50 and above",New,2013-12-29,135,2,157,7,7,78.5000,39.2500
172,AW00011171,"Jonathan Hill",46,40-49,VIP,2013-11-07,136,3,6716,8,8,2238.6667,248.7407
173,AW00011172,"Gabrielle Adams",51,"50 and above",New,2014-01-11,134,2,129,7,6,64.5000,16.1250
174,AW00011173,"Sarah Thomas",52,"50 and above",New,2013-12-24,135,2,103,3,3,51.5000,11.4444
175,AW00011174,"Nicholas Robinson",52,"50 and above",New,2013-07-25,140,2,48,5,4,24.0000,48
176,AW00011175,"Luis Wang",56,"50 and above",VIP,2013-11-03,137,3,6710,8,8,2236.6667,248.5185
177,AW00011176,"Mason Roberts",46,40-49,New,2014-01-27,134,28,1317,60,27,47.0357,119.7273
178,AW00011177,"Jose Flores",77,"50 and above",New,2013-10-14,137,2,135,6,6,67.5000,19.2857
179,AW00011178,"Nathan Johnson",70,"50 and above",New,2013-05-26,142,2,145,6,6,72.5000,48.3333
180,AW00011179,"Molly Rodriguez",65,"50 and above",New,2014-01-09,134,2,125,6,6,62.5000,12.5000
181,AW00011180,"April Anand",76,"50 and above",New,2013-09-25,138,2,138,6,6,69.0000,23.0000
182,AW00011181,"Devin Martin",65,"50 and above",New,2013-07-11,140,2,41,3,3,20.5000,20.5000
183,AW00011182,"Stephanie Torres",75,"50 and above",New,2014-01-05,134,2,81,5,5,40.5000,16.2000
184,AW00011183,"Jasmine Lee",75,"50 and above",New,2013-06-13,141,2,46,4,4,23.0000,23.0000
185,AW00011184,"Meghan Hernandez",69,"50 and above",New,2013-10-09,137,2,68,5,5,34.0000,34.0000
186,AW00011185,"Ashley Henderson",74,"50 and above",New,2014-01-26,134,27,1616,68,29,59.8519,146.9091
187,AW00011186,"Sarah Price",75,"50 and above",New,2014-01-07,134,2,41,3,3,20.5000,13.6667
188,AW00011187,"Jennifer Cooper",75,"50 and above",New,2013-08-06,139,2,108,4,4,54.0000,27.0000
189,AW00011188,"Catherine Morris",75,"50 and above",New,2014-01-21,134,2,81,5,5,40.5000,40.5000
190,AW00011189,"Lawrence Blanco",75,"50 and above",VIP,2013-02-05,145,2,5944,6,6,2972.0000,330.2222
191,AW00011190,"Carson Bryant",75,"50 and above",New,2014-01-16,134,2,46,4,4,23.0000,9.2000
192,AW00011191,"Kristi Perez",73,"50 and above",VIP,2013-11-06,136,3,6743,7,7,2247.6667,249.7407
193,AW00011192,"James Brown",74,"50 and above",New,2013-09-25,138,2,114,5,5,57.0000,38.0000
194,AW00011193,"Ian Gray",74,"50 and above",New,2013-08-18,139,2,41,3,3,20.5000,6.8333
195,AW00011194,"Jacqueline Price",74,"50 and above",New,2013-12-08,135,2,105,6,6,52.5000,11.6667
196,AW00011195,"Megan Henderson",73,"50 and above",New,2013-10-22,137,2,105,6,6,52.5000,17.5000
197,AW00011196,"Alfredo Romero",73,"50 and above",New,2013-09-24,138,2,162,4,4,81.0000,27.0000
198,AW00011197,"Andrea Morris",73,"50 and above",New,2013-07-20,140,2,207,6,5,103.5000,103.5000
199,AW00011198,"Brooke Sanders",72,"50 and above",New,2013-02-13,145,2,98,4,4,49.0000,98
200,AW00011199,"Jacqueline Bennett",67,"50 and above",New,2013-10-17,137,2,132,6,6,66.0000,18.8571
201,AW00011200,"Jason Griffin",71,"50 and above",New,2014-01-20,134,27,1461,55,26,54.1111,132.8182
202,AW00011201,"Amanda Foster",72,"50 and above",New,2013-09-09,138,2,181,6,6,90.5000,90.5000
203,AW00011202,"Alexia Price",66,"50 and above",New,2013-09-21,138,2,74,3,3,37.0000,74
204,AW00011203,"Luis Diaz",65,"50 and above",New,2013-12-11,135,17,800,32,19,47.0588,80.0000
205,AW00011204,"Destiny Rivera",71,"50 and above",New,2013-11-10,136,2,77,4,4,38.5000,25.6667
206,AW00011205,"Abby Fernandez",71,"50 and above",New,2013-10-08,137,2,37,2,2,18.5000,12.3333
207,AW00011206,"Blake Flores",71,"50 and above",New,2013-05-30,142,2,77,4,4,38.5000,77
208,AW00011207,"Danielle Cox",71,"50 and above",New,2013-10-18,137,2,77,4,4,38.5000,8.5556
209,AW00011208,"Maria Reed",71,"50 and above",New,2013-09-17,138,2,134,7,7,67.0000,22.3333
210,AW00011209,"Allison Evans",71,"50 and above",New,2014-01-22,134,2,37,2,2,18.5000,3.7000
211,AW00011210,"Edward Wood",71,"50 and above",New,2013-09-06,138,2,70,5,5,35.0000,17.5000
212,AW00011211,"Samantha Russell",64,"50 and above",New,2014-01-07,134,17,792,33,22,46.5882,72.0000
213,AW00011212,"Chloe Campbell",69,"50 and above",Regular,2014-01-17,134,17,824,33,20,48.4706,68.6667
214,AW00011213,"Stephanie Murphy",70,"50 and above",New,2013-09-09,138,2,77,4,4,38.5000,12.8333
215,AW00011214,"Charles Miller",69,"50 and above",New,2013-11-19,136,2,162,4,4,81.0000,54.0000
216,AW00011215,"Ana Perry",63,"50 and above",New,2013-12-15,135,17,1154,32,21,67.8824,115.4000
217,AW00011216,"Jasmine Torres",69,"50 and above",VIP,2013-02-05,145,2,5948,5,5,2974.0000,330.4444
218,AW00011217,"Natalie Adams",69,"50 and above",VIP,2013-02-14,145,2,5953,3,3,2976.5000,330.7222
219,AW00011218,"Olivia Brown",63,"50 and above",New,2014-01-04,134,2,39,3,2,19.5000,3.5455
220,AW00011219,"Charles Cook",68,"50 and above",New,2014-01-24,134,2,39,3,2,19.5000,13.0000
221,AW00011220,"Erica Huang",64,"50 and above",New,2013-12-13,135,2,50,4,4,25.0000,5.5556
222,AW00011221,"Nathan Perry",69,"50 and above",New,2013-10-17,137,2,46,4,4,23.0000,7.6667
223,AW00011222,"Alexandra Rivera",69,"50 and above",New,2013-11-28,136,2,208,6,6,104.0000,208
224,AW00011223,"Hailey Patterson",68,"50 and above",Regular,2014-01-06,134,27,1293,65,26,47.8889,107.7500
225,AW00011224,"Tiffany Li",68,"50 and above",VIP,2013-12-03,136,3,6685,5,5,2228.3333,238.7500
226,AW00011225,"Madison Lee",63,"50 and above",New,2013-09-06,138,2,73,5,5,36.5000,24.3333
227,AW00011226,"Sydney Ross",62,"50 and above",New,2013-03-31,144,2,37,2,2,18.5000,37.0000
228,AW00011227,"Marshall Chavez",62,"50 and above",VIP,2013-02-10,145,2,5910,5,5,2955.0000,328.3333
229,AW00011228,"Ashley Jones",68,"50 and above",New,2014-01-17,134,2,77,4,4,38.5000,25.6667
230,AW00011229,"Adrian Stewart",67,"50 and above",New,2014-01-25,134,2,81,5,5,40.5000,13.5000
231,AW00011230,"Amber Turner",68,"50 and above",New,2013-12-09,135,2,54,5,5,27.0000,10.8000
232,AW00011231,"Dennis Zhang",61,"50 and above",New,2013-11-12,136,2,64,4,4,32.0000,7.1111
233,AW00011232,"Hailey Bryant",67,"50 and above",New,2013-11-13,136,2,39,3,2,19.5000,19.5000
234,AW00011233,"Todd Li",61,"50 and above",New,2013-06-08,141,2,179,7,7,89.5000,44.7500
235,AW00011234,"Anna Griffin",66,"50 and above",New,2013-09-19,138,2,76,4,4,38.0000,10.8571
236,AW00011235,"Angel Stewart",67,"50 and above",New,2014-01-05,134,2,138,6,5,69.0000,23.0000
237,AW00011236,"Jeremy Butler",67,"50 and above",New,2014-01-06,134,2,114,5,5,57.0000,38.0000
238,AW00011237,"Clarence Anand",61,"50 and above",VIP,2013-11-25,136,4,10566,6,6,2641.5000,406.3846
239,AW00011238,"Mayra Prasad",61,"50 and above",VIP,2013-04-30,143,4,7543,9,9,1885.7500,279.3704
240,AW00011239,"Latoya Goel",55,"50 and above",VIP,2013-05-28,142,4,7511,11,11,1877.7500,268.2500
241,AW00011240,"Anne Hernandez",60,"50 and above",VIP,2013-05-13,142,4,7586,13,10,1896.5000,280.9630
242,AW00011241,"Lisa Cai",50,"50 and above",VIP,2013-10-29,137,7,11468,25,20,1638.2857,882.1538
243,AW00011242,"Larry Munoz",61,"50 and above",VIP,2013-12-04,135,7,11067,12,12,1581.0000,737.8000
244,AW00011243,"Robin Alvarez",61,"50 and above",VIP,2013-06-09,141,4,7164,12,10,1791.0000,255.8571
245,AW00011244,"Alexis Coleman",56,"50 and above",VIP,2013-07-19,140,4,7175,12,11,1793.7500,247.4138
246,AW00011245,"Ricky Vazquez",62,"50 and above",VIP,2013-12-11,135,4,10580,9,9,2645.0000,391.8519
247,AW00011246,"Latasha Rubio",62,"50 and above",VIP,2013-12-20,135,4,10575,7,7,2643.7500,406.7308
248,AW00011247,"Claudia Zhou",63,"50 and above",VIP,2013-08-17,139,4,7131,12,11,1782.7500,237.7000
249,AW00011248,"Tristan Alexander",59,"50 and above",New,2013-07-14,140,1,38,3,3,38.0000,38
250,AW00011249,"Cindy Patel",58,"50 and above",VIP,2013-09-15,138,4,9890,11,11,2472.5000,430.0000
251,AW00011250,"Shannon Liu",59,"50 and above",VIP,2013-08-06,139,4,7115,11,10,1778.7500,245.3448
252,AW00011251,"Xavier Long",87,"50 and above",New,2013-10-18,137,1,2319,4,4,2319.0000,2319
253,AW00011252,"Nicholas Thompson",87,"50 and above",VIP,2013-12-18,135,3,6685,7,7,2228.3333,238.7500
254,AW00011253,"Jos├® Hernandez",75,"50 and above",New,2013-12-03,136,16,695,30,16,43.4375,77.2222
255,AW00011254,"Johnathan Vance",86,"50 and above",New,2013-12-14,135,2,204,9,9,102.0000,204.0000
256,AW00011255,"Colin Lin",86,"50 and above",New,2013-03-31,144,2,114,5,5,57.0000,114.0000
257,AW00011256,"Katelyn Hernandez",86,"50 and above",New,2013-10-16,137,2,81,5,5,40.5000,13.5000
259,AW00011258,"Xavier Hill",86,"50 and above",New,2013-07-15,140,2,49,4,4,24.5000,24.5000
260,AW00011259,"Victoria Stewart",54,"50 and above",VIP,2013-12-20,135,3,6770,5,5,2256.6667,250.7407
261,AW00011260,"Katelyn Kelly",48,40-49,New,2013-06-23,141,2,81,5,5,40.5000,20.2500
262,AW00011261,"Stephanie Collins",54,"50 and above",VIP,2013-12-23,135,3,6650,4,4,2216.6667,246.2963
263,AW00011262,"Jennifer Simmons",49,40-49,New,2014-01-22,134,27,1124,63,26,41.6296,102.1818
264,AW00011263,"Trinity Richardson",55,"50 and above",VIP,2013-12-10,135,3,6753,9,9,2251.0000,241.1786
265,AW00011264,"Eduardo Martin",55,"50 and above",New,2013-11-30,136,2,3182,8,8,1591.0000,318.2000
266,AW00011265,"Elizabeth Jones",55,"50 and above",New,2013-01-03,147,1,2352,3,3,2352.0000,2352
267,AW00011266,"Taylor Howard",55,"50 and above",VIP,2013-01-20,146,2,5922,5,5,2961.0000,370.1250
268,AW00011267,"David Diaz",49,40-49,VIP,2013-01-07,146,2,5943,5,5,2971.5000,371.4375
269,AW00011268,"Katelyn Carter",55,"50 and above",New,2013-11-16,136,2,98,5,5,49.0000,16.3333
270,AW00011269,"Ryan Foster",49,40-49,New,2013-09-10,138,2,42,3,3,21.0000,42.0000
271,AW00011270,"Robert Lee",49,40-49,VIP,2013-01-07,146,2,5984,5,5,2992.0000,374.0000
272,AW00011271,"Danielle Reed",55,"50 and above",VIP,2013-01-22,146,2,5973,5,5,2986.5000,373.3125
273,AW00011272,"Lauren Martinez",62,"50 and above",VIP,2013-01-13,146,2,5975,4,4,2987.5000,373.4375
274,AW00011273,"Nathan Lal",63,"50 and above",New,2013-05-23,142,2,273,8,8,136.5000,273
275,AW00011274,"Kyle Foster",85,"50 and above",VIP,2013-02-24,145,2,5888,4,4,2944.0000,327.1111
276,AW00011275,"Jenny Rai",85,"50 and above",VIP,2013-01-12,146,2,5955,4,4,2977.5000,350.2941
277,AW00011276,"Nancy Chapman",50,"50 and above",Regular,2014-01-22,134,27,987,57,22,36.5556,82.2500
278,AW00011277,"Charles Jackson",56,"50 and above",New,2014-01-16,134,27,1434,65,26,53.1111,130.3636
279,AW00011278,"Jonathan Phillips",56,"50 and above",VIP,2013-01-03,147,2,5908,3,3,2954.0000,369.2500
280,AW00011279,"Amanda Cook",50,"50 and above",New,2013-06-22,141,2,44,4,3,22.0000,14.6667
281,AW00011280,"Robert Collins",56,"50 and above",New,2013-08-08,139,2,77,4,4,38.5000,77.0000
282,AW00011281,"Megan Barnes",50,"50 and above",VIP,2013-01-11,146,2,5921,5,5,2960.5000,370.0625
283,AW00011282,"Christian Thomas",57,"50 and above",VIP,2013-01-02,147,2,5999,6,6,2999.5000,352.8824
284,AW00011283,"Arturo Lal",56,"50 and above",New,2013-08-28,139,2,44,4,3,22.0000,14.6667
285,AW00011284,"Theresa Serrano",57,"50 and above",New,2013-05-02,143,2,55,5,3,27.5000,18.3333
286,AW00011285,"Jeremy Anderson",52,"50 and above",New,2013-10-26,137,2,128,5,5,64.0000,42.6667
287,AW00011286,"Hunter Griffin",57,"50 and above",VIP,2013-01-20,146,2,5954,5,5,2977.0000,372.1250
288,AW00011287,"Henry Garcia",58,"50 and above",Regular,2014-01-28,134,27,1165,62,23,43.1481,97.0833
289,AW00011288,"Cindy Sanchez",47,40-49,New,2013-08-21,139,2,77,4,4,38.5000,15.4000
290,AW00011289,"Maria Carter",53,"50 and above",VIP,2013-01-16,146,2,5905,5,5,2952.5000,369.0625
291,AW00011290,"Katelyn Sanchez",52,"50 and above",VIP,2013-01-27,146,2,5933,3,3,2966.5000,370.8125
292,AW00011291,"Jenna Wright",52,"50 and above",VIP,2013-01-19,146,2,5873,2,2,2936.5000,367.0625
293,AW00011292,"Seth Phillips",57,"50 and above",VIP,2012-12-31,147,2,5910,5,5,2955.0000,394.0000
294,AW00011293,"Luke Long",64,"50 and above",New,2013-03-15,144,2,85,5,5,42.5000,85.0000
295,AW00011294,"Dalton Clark",64,"50 and above",New,2014-01-03,135,2,42,3,3,21.0000,10.5000
296,AW00011295,"Taylor Lewis",65,"50 and above",VIP,2013-01-09,146,2,6058,5,5,3029.0000,378.6250
297,AW00011296,"Haley Richardson",83,"50 and above",VIP,2013-01-29,146,2,5897,4,4,2948.5000,368.5625
298,AW00011297,"Noah Coleman",84,"50 and above",VIP,2013-02-20,145,2,5948,5,5,2974.0000,349.8824
299,AW00011298,"Jon Luo",84,"50 and above",VIP,2013-02-21,145,2,5922,5,5,2961.0000,348.3529
300,AW00011299,"Orlando Vazquez",83,"50 and above",VIP,2013-02-24,145,2,6015,4,4,3007.5000,353.8235
301,AW00011300,"Fernando Barnes",59,"50 and above",New,2013-12-31,135,27,1499,67,28,55.5185,136.2727
302,AW00011301,"Cameron Rodriguez",59,"50 and above",New,2013-10-11,137,2,131,5,5,65.5000,32.7500
303,AW00011302,"Spencer Russell",53,"50 and above",VIP,2013-02-02,146,2,5938,5,5,2969.0000,349.2941
304,AW00011303,"Julia Coleman",58,"50 and above",VIP,2013-02-23,145,2,5875,3,3,2937.5000,345.5882
305,AW00011304,"Julia Garcia",54,"50 and above",New,2013-04-22,143,2,122,5,5,61.0000,122.0000
306,AW00011305,"Sean Evans",59,"50 and above",New,2013-08-04,139,2,77,4,4,38.5000,15.4000
307,AW00011306,"Micah Zhou",59,"50 and above",New,2013-09-07,138,2,42,3,3,21.0000,14.0000
308,AW00011307,"Hunter Rodriguez",59,"50 and above",VIP,2013-02-08,145,2,5964,5,5,2982.0000,350.8235
309,AW00011308,"Ian Gonzales",65,"50 and above",New,2014-01-15,134,2,94,4,4,47.0000,23.5000
310,AW00011309,"Victoria Lewis",65,"50 and above",New,2014-01-05,134,2,42,3,3,21.0000,7.0000
311,AW00011310,"Erin Sanders",60,"50 and above",New,2013-12-24,135,2,77,4,4,38.5000,19.2500
312,AW00011311,"Gabrielle Lopez",66,"50 and above",New,2013-09-13,138,2,77,4,4,38.5000,15.4000
313,AW00011312,"Sara Richardson",66,"50 and above",New,2013-06-02,142,2,42,3,3,21.0000,42.0000
314,AW00011313,"Trevor Jenkins",66,"50 and above",New,2013-11-26,136,2,44,4,3,22.0000,7.3333
315,AW00011314,"Mya Flores",54,"50 and above",New,2013-12-03,136,2,47,4,3,23.5000,4.7000
316,AW00011315,"Hailey Ward",66,"50 and above",New,2013-12-17,135,2,42,3,3,21.0000,6.0000
317,AW00011316,"Luke Allen",65,"50 and above",New,2013-01-12,146,1,2350,2,2,2350.0000,2350
318,AW00011317,"Victoria Russell",61,"50 and above",VIP,2013-02-18,145,2,5873,2,2,2936.5000,345.4706
319,AW00011318,"Jessica Wilson",66,"50 and above",New,2013-11-08,136,2,44,4,3,22.0000,44.0000
320,AW00011319,"Jade Bailey",76,"50 and above",VIP,2013-02-24,145,2,5930,4,4,2965.0000,348.8235
321,AW00011320,"Morgan Hill",82,"50 and above",New,2013-08-19,139,2,72,5,5,36.0000,36.0000
322,AW00011321,"Terrance Raman",81,"50 and above",New,2013-05-28,142,2,37,2,2,18.5000,12.3333
323,AW00011322,"Sydney Garcia",81,"50 and above",New,2013-05-21,142,2,44,4,3,22.0000,22.0000
324,AW00011323,"Jose Patterson",81,"50 and above",VIP,2013-01-30,146,2,6074,6,6,3037.0000,379.6250
325,AW00011324,"Zachary Anderson",80,"50 and above",VIP,2013-02-05,145,2,5945,4,4,2972.5000,349.7059
326,AW00011325,"Elijah Ross",80,"50 and above",VIP,2013-01-31,146,2,6044,7,7,3022.0000,377.7500
327,AW00011326,"Rafael Xie",80,"50 and above",VIP,2013-02-20,145,2,5948,5,5,2974.0000,349.8824
328,AW00011327,"Jaime Moreno",79,"50 and above",VIP,2013-02-01,146,2,5915,5,5,2957.5000,347.9412
329,AW00011328,"Julian Griffin",79,"50 and above",New,2013-04-07,143,2,4718,4,4,2359.0000,1572.6667
330,AW00011329,"Andy Alvarez",79,"50 and above",VIP,2013-02-10,145,2,5898,2,2,2949.0000,346.9412
331,AW00011330,"Ryan Thompson",79,"50 and above",New,2014-01-22,134,27,1134,57,24,42.0000,103.0909
332,AW00011331,"Samantha Jenkins",51,"50 and above",New,2014-01-24,134,27,1327,58,24,49.1481,120.6364
333,AW00011332,"Deanna Ramos",57,"50 and above",VIP,2013-01-06,146,2,5755,3,3,2877.5000,383.6667
334,AW00011333,"Emily Miller",57,"50 and above",VIP,2013-07-14,140,3,8163,6,6,2721.0000,291.5357
335,AW00011334,"Nicole Brown",58,"50 and above",VIP,2013-07-27,140,3,8154,6,6,2718.0000,291.2143
336,AW00011335,"Carla Raman",47,40-49,VIP,2013-01-04,146,2,5744,4,4,2872.0000,382.9333
337,AW00011336,"Shaun Raji",52,"50 and above",New,2013-01-05,146,2,4441,5,5,2220.5000,1110.2500
338,AW00011337,"Jerome Romero",58,"50 and above",VIP,2013-07-19,140,3,8162,8,7,2720.6667,291.5000
339,AW00011338,"Frank Navarro",52,"50 and above",VIP,2012-12-30,147,2,5745,5,5,2872.5000,410.3571
340,AW00011339,"Dennis She",58,"50 and above",New,2013-01-25,146,2,4379,3,3,2189.5000,1459.6667
341,AW00011340,"Melody Munoz",78,"50 and above",New,2013-01-02,147,2,4413,5,5,2206.5000,1471.0000
342,AW00011341,"Randy Zeng",83,"50 and above",VIP,2013-07-19,140,3,8192,8,8,2730.6667,303.4074
343,AW00011342,"Marshall Wang",52,"50 and above",New,2013-07-12,140,1,49,3,3,49.0000,49
344,AW00011343,"Arthur Carlson",50,"50 and above",VIP,2013-07-24,140,3,8222,9,9,2740.6667,304.5185
345,AW00011344,"Jessie Jimenez",62,"50 and above",VIP,2013-07-23,140,3,8119,7,7,2706.3333,312.2692
346,AW00011345,"Robin Ramos",62,"50 and above",New,2012-12-31,147,2,4404,3,3,2202.0000,2202.0000
347,AW00011346,"Deanna Gutierrez",58,"50 and above",New,2013-02-11,145,2,4503,7,7,2251.5000,1125.7500
348,AW00011347,"Roy Navarro",52,"50 and above",New,2013-03-16,144,1,14,2,2,14.0000,14
349,AW00011348,"Shawn Rai",64,"50 and above",New,2013-03-31,144,1,68,3,3,68.0000,68
350,AW00011349,"Mindy Luo",59,"50 and above",New,2014-01-13,134,1,68,3,3,68.0000,68
351,AW00011350,"Cara Zhou",82,"50 and above",New,2013-02-05,145,1,38,3,3,38.0000,38
352,AW00011351,"Anne Ramos",75,"50 and above",VIP,2013-08-28,139,3,8068,5,5,2689.3333,310.3077
353,AW00011352,"Raymond Rodriguez",79,"50 and above",New,2013-05-01,143,1,14,2,2,14.0000,14
354,AW00011353,"Carrie Ortega",78,"50 and above",VIP,2013-08-08,139,3,8078,6,6,2692.6667,310.6923
355,AW00011354,"Deanna Suarez",77,"50 and above",New,2013-12-03,136,1,23,3,3,23.0000,23
356,AW00011355,"Roberto Gutierrez",76,"50 and above",New,2013-09-26,138,1,14,2,2,14.0000,14
357,AW00011356,"Terrence Carson",39,30-39,VIP,2013-10-31,137,3,5069,8,8,1689.6667,174.7931
358,AW00011357,"Ramon Ye",40,40-49,Regular,2013-10-29,137,3,4943,5,5,1647.6667,176.5357
359,AW00011358,"Cynthia Malhotra",40,40-49,VIP,2013-11-14,136,3,5034,8,8,1678.0000,173.5862
360,AW00011359,"Jarrod Prasad",41,40-49,Regular,2013-12-04,135,3,4959,8,8,1653.0000,165.3000
361,AW00011360,"Tyrone Serrano",41,40-49,VIP,2013-12-22,135,3,5025,6,6,1675.0000,167.5000
362,AW00011361,"Cindy Ramos",42,40-49,New,2013-11-24,136,2,115,4,4,57.5000,115.0000
363,AW00011362,"Damien Shan",41,40-49,New,2013-09-24,138,2,77,3,3,38.5000,12.8333
364,AW00011363,"Julian Ross",41,40-49,VIP,2013-12-18,135,3,5035,5,5,1678.3333,167.8333
365,AW00011364,"Jennifer Collins",40,40-49,Regular,2013-12-26,135,3,4921,4,4,1640.3333,164.0333
366,AW00011365,"Brittney Sun",40,40-49,VIP,2013-12-22,135,3,5024,7,7,1674.6667,162.0645
367,AW00011366,"Virginia Patel",39,30-39,New,2013-08-15,139,2,77,3,3,38.5000,38.5000
368,AW00011367,"Calvin Nara",40,40-49,New,2013-11-25,136,2,86,4,4,43.0000,21.5000
369,AW00011368,"Edward Miller",40,40-49,VIP,2013-12-01,136,3,5105,11,11,1701.6667,170.1667
370,AW00011369,"Ashlee Tang",41,40-49,New,2013-12-27,135,2,119,4,4,59.5000,23.8000
371,AW00011370,"Alicia Xu",41,40-49,New,2013-10-01,138,2,80,3,3,40.0000,26.6667
372,AW00011371,"Lacey Jai",41,40-49,New,2013-12-28,135,2,75,2,2,37.5000,75.0000
373,AW00011372,"Wendy Romero",41,40-49,Regular,2013-12-14,135,3,4965,5,5,1655.0000,165.5000
374,AW00011373,"Carly Luo",70,"50 and above",New,2013-08-27,139,1,38,3,3,38.0000,38
375,AW00011374,"Jimmy Ortega",76,"50 and above",New,2013-04-15,143,1,69,3,3,69.0000,69
376,AW00011375,"Francisco Martinez",76,"50 and above",New,2013-10-17,137,1,14,2,2,14.0000,14
377,AW00011376,"Lance Vazquez",76,"50 and above",New,2013-10-15,137,1,78,2,2,78.0000,78
378,AW00011377,"David Robinett",58,"50 and above",New,2013-02-28,145,1,84,3,3,84.0000,84
379,AW00011378,"Shannon Liang",59,"50 and above",New,2013-02-14,145,2,4436,4,4,2218.0000,1109.0000
380,AW00011379,"Gary Vazquez",48,40-49,New,2013-02-26,145,2,4426,4,4,2213.0000,1106.5000
381,AW00011380,"Mitchell Kumar",60,"50 and above",VIP,2013-02-03,146,2,5838,6,6,2919.0000,364.8750
382,AW00011381,"Meredith Raman",54,"50 and above",VIP,2013-08-18,139,3,8161,5,5,2720.3333,313.8846
383,AW00011382,"Edward Patterson",50,"50 and above",New,2013-02-16,145,2,4344,2,2,2172.0000,1448.0000
384,AW00011383,"Marie Gill",59,"50 and above",New,2014-01-01,135,1,49,3,3,49.0000,49
385,AW00011384,"Tiffany Wang",53,"50 and above",New,2013-08-02,140,1,49,3,3,49.0000,49
386,AW00011385,"Miguel Allen",53,"50 and above",New,2013-07-06,140,1,14,2,2,14.0000,14
387,AW00011386,"Jaclyn Cai",53,"50 and above",New,2013-11-02,137,1,69,3,3,69.0000,69
388,AW00011387,"Megan Ramirez",60,"50 and above",VIP,2013-04-01,144,3,6959,6,6,2319.6667,331.3810
389,AW00011388,"Joseph Martin",60,"50 and above",VIP,2013-04-26,143,3,6987,7,7,2329.0000,332.7143
390,AW00011389,"Karl Shan",43,40-49,New,2013-11-17,136,1,69,3,3,69.0000,69
391,AW00011390,"Christine Raji",48,40-49,New,2013-11-07,136,1,49,3,3,49.0000,49
392,AW00011391,"Lindsay Xie",48,40-49,New,2013-10-26,137,1,34,2,2,34.0000,34
393,AW00011392,"Willie Zhao",44,40-49,New,2013-03-29,144,1,29,1,1,29.0000,29
394,AW00011393,"Kurt Pal",50,"50 and above",New,2013-07-16,140,1,14,2,2,14.0000,14
395,AW00011394,"George McDonald",49,40-49,VIP,2013-08-02,140,3,8162,7,7,2720.6667,326.4800
396,AW00011395,"Beth Gutierrez",48,40-49,VIP,2013-02-20,145,2,5730,3,3,2865.0000,382.0000
397,AW00011396,"Ian Lopez",49,40-49,New,2013-10-26,137,1,29,1,1,29.0000,29
398,AW00011397,"Latoya Shan",50,"50 and above",New,2013-07-07,140,1,38,3,3,38.0000,38
399,AW00011398,"Colin Nath",50,"50 and above",VIP,2013-08-02,140,3,8114,4,4,2704.6667,324.5600
400,AW00011399,"Brenda Mehta",50,"50 and above",New,2013-04-13,143,1,14,2,2,14.0000,14
401,AW00011400,"Franklin Raji",44,40-49,VIP,2013-07-19,140,3,6968,8,7,2322.6667,290.3333
402,AW00011401,"Linda Navarro",50,"50 and above",New,2013-03-08,144,3,5020,6,6,1673.3333,1004.0000
403,AW00011402,"Kelli Cai",49,40-49,New,2013-04-02,144,3,5059,10,9,1686.3333,1011.8000
404,AW00011403,"Nancy Schmidt",45,40-49,New,2013-05-28,142,3,5032,9,9,1677.3333,718.8571
405,AW00011404,"Megan Taylor",67,"50 and above",New,2013-02-10,145,1,34,2,2,34.0000,34
406,AW00011405,"Bonnie Goel",67,"50 and above",New,2013-03-31,144,1,54,1,1,54.0000,54
407,AW00011406,"Latoya Xu",67,"50 and above",New,2013-02-09,145,2,4415,6,6,2207.5000,1471.6667
408,AW00011407,"Mario She",67,"50 and above",New,2013-06-23,141,1,54,1,1,54.0000,54
409,AW00011408,"Darren Gill",60,"50 and above",New,2013-03-05,144,1,34,3,3,34.0000,34
410,AW00011409,"Jacqueline Hayes",46,40-49,New,2013-01-28,146,2,4444,5,5,2222.0000,2222.0000
412,AW00011411,"Devin Ross",65,"50 and above",New,2013-08-04,139,1,38,3,3,38.0000,38
413,AW00011412,"Sydney Bryant",65,"50 and above",VIP,2013-10-11,137,4,9880,11,10,2470.0000,429.5652
414,AW00011413,"Megan Stewart",65,"50 and above",VIP,2013-09-05,138,4,7190,11,10,1797.5000,287.6000
415,AW00011414,"Ian Richardson",65,"50 and above",VIP,2013-09-15,138,4,7191,10,10,1797.7500,287.6400
416,AW00011415,"Randy She",75,"50 and above",New,2013-08-16,139,1,14,2,2,14.0000,14
417,AW00011416,"Katrina Becker",74,"50 and above",New,2013-05-05,142,3,4928,5,4,1642.6667,821.3333
418,AW00011417,"Lacey Zheng",74,"50 and above",VIP,2013-12-15,135,7,11248,17,14,1606.8571,865.2308
419,AW00011418,"Rafael Hu",74,"50 and above",New,2013-12-17,135,1,40,2,2,40.0000,40
420,AW00011419,"Kyle Scott",74,"50 and above",New,2013-06-27,141,2,231,6,6,115.5000,77.0000
421,AW00011420,"Jordan Turner",73,"50 and above",VIP,2013-11-29,136,7,11200,17,16,1600.0000,933.3333
422,AW00011421,"Amy Sun",73,"50 and above",VIP,2013-10-09,137,4,9780,4,4,2445.0000,425.2174
423,AW00011422,"Dustin Deng",73,"50 and above",VIP,2013-11-03,137,4,7075,10,10,1768.7500,262.0370
424,AW00011423,"Jasmine Stewart",64,"50 and above",VIP,2013-10-20,137,4,9905,10,10,2476.2500,450.2273
425,AW00011424,"Pamela Garcia",60,"50 and above",New,2013-04-21,143,1,44,2,2,44.0000,44
426,AW00011425,"Ariana Gray",59,"50 and above",VIP,2013-12-21,135,6,10528,15,15,1754.6667,809.8462
427,AW00011426,"Kristopher Mehta",66,"50 and above",New,2013-04-09,143,1,35,1,1,35.0000,35
428,AW00011427,"Desiree Dominguez",65,"50 and above",VIP,2013-10-20,137,4,9918,9,8,2479.5000,450.8182
429,AW00011428,"Deanna Perez",66,"50 and above",VIP,2013-10-22,137,4,9954,12,12,2488.5000,452.4545
430,AW00011429,"Marco Lopez",67,"50 and above",VIP,2013-12-24,135,6,10468,17,14,1744.6667,872.3333
431,AW00011430,"Casey Yuan",67,"50 and above",New,2013-03-19,144,1,85,2,2,85.0000,85
432,AW00011431,"Bryant Garcia",50,"50 and above",VIP,2013-09-30,138,4,9913,11,8,2478.2500,472.0476
433,AW00011432,"Dominique Prasad",68,"50 and above",VIP,2013-12-25,135,6,9330,16,15,1555.0000,777.5000
434,AW00011433,"Maurice Shan",68,"50 and above",New,2013-09-14,138,6,12914,13,12,2152.3333,1434.8889
435,AW00011434,"Andre Lopez",62,"50 and above",New,2013-07-15,140,2,70,4,4,35.0000,70.0000
436,AW00011435,"Robin Romero",69,"50 and above",New,2014-01-04,134,1,35,1,1,35.0000,35
437,AW00011436,"Taylor Cox",69,"50 and above",New,2013-06-19,141,2,81,4,4,40.5000,81.0000
438,AW00011437,"Alfredo Moreno",69,"50 and above",New,2013-12-19,135,1,54,1,1,54.0000,54
439,AW00011438,"Jenny Nara",69,"50 and above",New,2013-02-05,145,1,35,1,1,35.0000,35
440,AW00011439,"Janet Munoz",71,"50 and above",New,2013-10-20,137,6,12488,14,12,2081.3333,1135.2727
441,AW00011440,"Sergio Weber",72,"50 and above",New,2013-03-27,144,1,78,2,2,78.0000,78
442,AW00011441,"Erika Gomez",72,"50 and above",New,2014-01-08,134,1,44,2,2,44.0000,44
443,AW00011442,"Joseph Harris",71,"50 and above",New,2013-09-29,138,1,35,1,1,35.0000,35
444,AW00011443,"Grace Griffin",43,40-49,VIP,2013-10-01,138,3,8235,8,8,2745.0000,294.1071
445,AW00011444,"Tina Mehta",43,40-49,VIP,2013-06-02,142,3,8136,5,5,2712.0000,339.0000
446,AW00011445,"Kari Kim",45,40-49,VIP,2013-06-28,141,3,8098,5,5,2699.3333,337.4167
447,AW00011446,"Bethany Chander",45,40-49,VIP,2013-06-21,141,3,8237,7,6,2745.6667,343.2083
448,AW00011447,"Jennifer Roberts",45,40-49,VIP,2013-05-31,142,3,8078,6,6,2692.6667,351.2174
449,AW00011448,"Kyle Patterson",44,40-49,VIP,2013-06-21,141,3,8132,7,7,2710.6667,338.8333
450,AW00011449,"Alvin Hu",44,40-49,VIP,2013-06-24,141,3,8130,7,7,2710.0000,338.7500
451,AW00011450,"Brett Mehta",43,40-49,VIP,2013-06-17,141,3,8173,9,9,2724.3333,340.5417
452,AW00011451,"Ruben Mu├▒oz",44,40-49,VIP,2013-06-05,141,3,8250,9,9,2750.0000,358.6957
453,AW00011452,"Erika Rubio",45,40-49,VIP,2013-06-12,141,3,8183,5,5,2727.6667,355.7826
454,AW00011453,"Stanley Malhotra",40,40-49,VIP,2013-06-19,141,3,8177,6,6,2725.6667,355.5217
455,AW00011454,"Melinda Navarro",45,40-49,VIP,2013-06-18,141,3,8089,4,4,2696.3333,351.6957
456,AW00011455,"Ross Sanz",45,40-49,VIP,2013-05-31,142,3,8142,5,5,2714.0000,370.0909
457,AW00011456,"Jon Gao",45,40-49,VIP,2013-05-31,142,3,8224,11,10,2741.3333,373.8182
458,AW00011457,"Jaime Gutierrez",46,40-49,VIP,2013-06-01,142,3,8211,10,9,2737.0000,357.0000
459,AW00011458,"Bianca Liu",46,40-49,New,2014-01-18,134,3,97,7,7,32.3333,9.7000
460,AW00011459,"Tasha Deng",46,40-49,VIP,2013-06-18,141,3,8141,5,5,2713.6667,353.9565
461,AW00011460,"Melvin Chande",41,40-49,VIP,2013-06-10,141,3,8137,6,6,2712.3333,353.7826
462,AW00011461,"Victor Jimenez",47,40-49,VIP,2013-07-21,140,3,8089,4,4,2696.3333,337.0417
463,AW00011462,"Laura Lin",47,40-49,VIP,2013-07-25,140,3,8116,5,5,2705.3333,338.1667
464,AW00011463,"Alisha Beck",47,40-49,New,2013-12-13,135,3,48,4,4,16.0000,5.3333
465,AW00011464,"Alejandro Huang",47,40-49,VIP,2013-07-01,141,3,8128,7,7,2709.3333,338.6667
466,AW00011465,"Louis Luo",48,40-49,VIP,2013-07-13,140,3,8158,4,4,2719.3333,339.9167
467,AW00011466,"Grant Tang",48,40-49,New,2013-08-21,139,3,90,7,7,30.0000,30.0000
468,AW00011467,"Arturo Zheng",49,40-49,New,2014-01-02,135,3,56,5,4,18.6667,9.3333
469,AW00011468,"Jaclyn Andersen",44,40-49,VIP,2013-08-21,139,3,6960,4,4,2320.0000,290.0000
470,AW00011469,"Edwin Raji",46,40-49,New,2013-08-09,139,1,25,2,2,25.0000,25
471,AW00011470,"Jay Suarez",46,40-49,Regular,2013-02-21,145,2,4344,2,1,2172.0000,334.1538
472,AW00011471,"Latasha Suarez",46,40-49,New,2013-05-17,142,1,54,1,1,54.0000,54
473,AW00011472,"Kenneth Kumar",56,"50 and above",VIP,2013-10-26,137,3,8165,6,6,2721.6667,302.4074
474,AW00011473,"Grace Henderson",39,30-39,New,2013-06-02,142,1,63,2,2,63.0000,63
475,AW00011474,"Melvin Xu",39,30-39,New,2013-09-26,138,1,49,3,3,49.0000,49
476,AW00011475,"Cesar Subram",40,40-49,New,2013-04-23,143,1,69,4,4,69.0000,69
477,AW00011476,"Erika Navarro",44,40-49,New,2013-11-01,137,1,54,1,1,54.0000,54
478,AW00011477,"Tristan Hughes",40,40-49,New,2013-09-25,138,1,35,1,1,35.0000,35
479,AW00011478,"Billy Hernandez",41,40-49,New,2013-04-19,143,1,54,1,1,54.0000,54
480,AW00011479,"Darryl Wu",46,40-49,New,2013-05-24,142,3,4970,9,9,1656.6667,994.0000
481,AW00011480,"Colleen Ma",41,40-49,New,2013-07-25,140,3,4935,7,6,1645.0000,705.0000
482,AW00011481,"Erica Hu",46,40-49,Regular,2013-04-21,143,3,4978,6,6,1659.3333,331.8667
483,AW00011482,"Adrienne Torres",47,40-49,VIP,2013-09-10,138,3,8143,5,5,2714.3333,339.2917
484,AW00011483,"Calvin Chande",41,40-49,New,2013-07-19,140,3,4966,4,3,1655.3333,709.4286
485,AW00011484,"Erick Sai",42,40-49,Regular,2013-03-30,144,3,4985,6,6,1661.6667,356.0714
486,AW00011485,"Donald Chandra",47,40-49,VIP,2013-09-12,138,3,7049,7,7,2349.6667,293.7083
487,AW00011486,"Ariana Rogers",42,40-49,New,2013-11-24,136,1,35,1,1,35.0000,35
488,AW00011487,"Morgan Jones",48,40-49,New,2013-12-15,135,1,54,1,1,54.0000,54
489,AW00011488,"Jermaine Lopez",48,40-49,VIP,2013-08-30,139,3,8090,5,5,2696.6667,367.7273
490,AW00011489,"Deborah Goel",48,40-49,VIP,2013-09-28,138,3,8127,7,7,2709.0000,353.3478
491,AW00011490,"Danny Rubio",48,40-49,New,2013-04-04,143,1,54,1,1,54.0000,54
492,AW00011491,"Andre Perez",43,40-49,VIP,2013-09-07,138,3,8158,7,7,2719.3333,370.8182
493,AW00011492,"Terrence Chander",42,40-49,Regular,2013-02-19,145,2,4404,3,3,2202.0000,367.0000
494,AW00011493,"Dawn Wu",48,40-49,VIP,2013-09-12,138,3,6959,6,6,2319.6667,316.3182
495,AW00011494,"Jimmy Gutierrez",49,40-49,VIP,2013-09-30,138,3,6974,5,5,2324.6667,332.0952
496,AW00011495,"Francis Jimenez",48,40-49,New,2013-10-26,137,1,14,2,2,14.0000,14
497,AW00011496,"Gary Ortega",48,40-49,VIP,2013-11-05,136,3,7014,7,7,2338.0000,292.2500
498,AW00011497,"Katrina Nath",43,40-49,New,2013-11-04,136,1,35,1,1,35.0000,35
499,AW00011498,"Arturo Sun",45,40-49,New,2014-01-09,134,16,560,30,18,35.0000,50.9091
500,AW00011499,"Pedro Vance",44,40-49,New,2013-06-29,141,2,192,6,6,96.0000,96.0000
501,AW00011500,"Sarah Simmons",45,40-49,Regular,2014-01-10,134,16,653,30,23,40.8125,54.4167
502,AW00011501,"Brandy Chandra",44,40-49,New,2014-01-22,134,16,871,33,23,54.4375,87.1000
503,AW00011502,"Jared Peterson",44,40-49,Regular,2014-01-27,134,16,1020,42,25,63.7500,85.0000
504,AW00011503,"Dennis Wu",88,"50 and above",New,2013-12-08,135,2,61,3,3,30.5000,8.7143
505,AW00011504,"Jordan Baker",88,"50 and above",New,2013-05-03,143,2,44,4,3,22.0000,44
506,AW00011505,"Jasmine Powell",53,"50 and above",New,2013-12-24,135,16,845,36,22,52.8125,84.5000
507,AW00011506,"Nicholas Brown",53,"50 and above",New,2014-01-22,134,16,748,36,24,46.7500,74.8000
508,AW00011507,"Isabella Russell",52,"50 and above",New,2014-01-20,134,16,651,31,20,40.6875,59.1818
509,AW00011508,"Elizabeth Wilson",53,"50 and above",New,2013-05-14,142,2,77,4,4,38.5000,77
510,AW00011509,"Roger Harui",60,"50 and above",New,2013-07-29,140,1,196,3,3,196.0000,196
511,AW00011510,"Seth Roberts",66,"50 and above",New,2013-12-26,135,5,257,16,14,51.4000,28.5556
512,AW00011511,"Caleb Perry",60,"50 and above",New,2013-03-13,144,1,35,1,1,35.0000,35
513,AW00011512,"Natalie Campbell",48,40-49,New,2013-12-28,135,1,2320,1,1,2320.0000,2320
514,AW00011513,"Alyssa Howard",59,"50 and above",New,2013-06-08,141,1,863,5,5,863.0000,863
515,AW00011514,"Dalton Diaz",59,"50 and above",New,2013-06-24,141,1,40,2,2,40.0000,40
516,AW00011515,"Shannon Huang",65,"50 and above",VIP,2013-04-20,143,2,5930,4,4,2965.0000,296.5000
517,AW00011516,"Mya Gonzales",48,40-49,VIP,2013-06-16,141,2,5915,5,5,2957.5000,281.6667
518,AW00011517,"Katherine Bryant",65,"50 and above",New,2013-08-23,139,2,101,5,5,50.5000,50.5000
519,AW00011518,"Edward Washington",64,"50 and above",New,2013-11-11,136,2,82,6,6,41.0000,82.0000
520,AW00011519,"Jerome Navarro",64,"50 and above",New,2014-01-11,134,16,756,36,20,47.2500,75.6000
521,AW00011520,"Jada Morgan",64,"50 and above",New,2014-01-19,134,16,822,32,24,51.3750,74.7273
522,AW00011521,"Ariana Peterson",47,40-49,New,2013-11-07,136,2,44,4,3,22.0000,5.5000
523,AW00011522,"Christian Hughes",52,"50 and above",VIP,2013-02-01,146,2,5888,4,4,2944.0000,346.3529
524,AW00011523,"Lucas Taylor",63,"50 and above",New,2013-02-15,145,1,2377,3,3,2377.0000,2377
525,AW00011524,"Alyssa Jackson",63,"50 and above",New,2013-10-17,137,2,42,3,3,21.0000,21.0000
526,AW00011525,"Ariana Cook",63,"50 and above",VIP,2013-02-22,145,2,5935,4,4,2967.5000,349.1176
527,AW00011526,"Katherine Diaz",52,"50 and above",New,2013-02-03,146,1,2377,3,3,2377.0000,2377
528,AW00011527,"Jenna Green",63,"50 and above",New,2013-11-01,137,2,39,3,2,19.5000,4.3333
529,AW00011528,"Joan Washington",56,"50 and above",VIP,2013-02-19,145,2,5959,6,6,2979.5000,350.5294
530,AW00011529,"Austin Bryant",61,"50 and above",VIP,2013-02-04,145,2,5944,6,6,2972.0000,349.6471
531,AW00011530,"Andrew Martinez",62,"50 and above",New,2013-12-30,135,16,572,26,18,35.7500,52.0000
532,AW00011531,"Nina Yuan",62,"50 and above",VIP,2013-02-08,145,2,5875,3,3,2937.5000,326.3889
533,AW00011532,"Lauren Miller",62,"50 and above",New,2013-12-27,135,2,44,4,3,22.0000,5.5000
534,AW00011533,"Ebony Gill",56,"50 and above",New,2014-01-10,134,2,37,2,2,18.5000,4.6250
535,AW00011534,"Cameron Lewis",60,"50 and above",VIP,2013-02-14,145,2,5919,4,4,2959.5000,348.1765
536,AW00011535,"Devin Nelson",61,"50 and above",VIP,2013-03-15,144,2,5919,6,6,2959.5000,328.8333
537,AW00011536,"Logan Chow",55,"50 and above",VIP,2013-03-21,144,2,5915,5,5,2957.5000,328.6111
538,AW00011537,"Dakota Ross",61,"50 and above",VIP,2013-03-24,144,2,5873,2,2,2936.5000,326.2778
539,AW00011538,"Nicole Taylor",60,"50 and above",VIP,2013-03-01,145,2,5895,3,3,2947.5000,327.5000
540,AW00011539,"Justin Washington",54,"50 and above",VIP,2013-03-25,144,2,5997,6,6,2998.5000,333.1667
541,AW00011540,"Alberto Navarro",55,"50 and above",VIP,2013-03-21,144,2,5958,5,5,2979.0000,331.0000
542,AW00011541,"Aidan Ross",60,"50 and above",VIP,2013-04-13,143,2,5973,5,5,2986.5000,314.3684
543,AW00011542,"Alejandro Tang",45,40-49,New,2013-05-11,142,1,34,3,3,34.0000,34
544,AW00011543,"Sheena Chande",51,"50 and above",New,2013-12-21,135,1,54,1,1,54.0000,54
545,AW00011544,"Joel Garcia",45,40-49,New,2013-08-28,139,1,89,2,2,89.0000,89
546,AW00011545,"Reginald Dominguez",51,"50 and above",New,2013-07-13,140,1,54,1,1,54.0000,54
547,AW00011546,"Christine Chande",51,"50 and above",New,2013-03-12,144,2,4460,5,4,2230.0000,1486.6667
548,AW00011547,"Cindy Sai",46,40-49,New,2013-07-28,140,3,4976,5,4,1658.6667,710.8571
549,AW00011548,"Raymond Sanchez",50,"50 and above",VIP,2013-11-11,136,3,7068,9,8,2356.0000,307.3043
550,AW00011549,"Crystal Liang",45,40-49,VIP,2013-12-12,135,3,7024,9,8,2341.3333,292.6667
551,AW00011550,"Deb Torres",45,40-49,VIP,2013-03-16,144,3,5241,5,5,1747.0000,374.3571
553,AW00011552,"Eddie Rubio",52,"50 and above",New,2014-01-06,134,1,35,1,1,35.0000,35
554,AW00011553,"Sharon Luo",52,"50 and above",New,2013-08-22,139,1,21,1,1,21.0000,21
555,AW00011554,"Sydney Simmons",93,"50 and above",New,2013-05-08,142,1,35,1,1,35.0000,35
556,AW00011555,"Alexandria Henderson",87,"50 and above",New,2013-05-08,142,1,35,1,1,35.0000,35
557,AW00011556,"Lucas Evans",52,"50 and above",New,2013-12-21,135,1,21,1,1,21.0000,21
558,AW00011557,"Felicia Ramos",52,"50 and above",New,2013-08-08,139,1,21,1,1,21.0000,21
559,AW00011558,"Ivan Malhotra",52,"50 and above",New,2013-11-30,136,1,21,1,1,21.0000,21
560,AW00011559,"Frederick Subram",46,40-49,New,2013-11-29,136,1,35,1,1,35.0000,35
561,AW00011560,"Whitney Srini",46,40-49,New,2013-12-03,136,1,54,1,1,54.0000,54
562,AW00011561,"Briana Dominguez",53,"50 and above",Regular,2013-03-11,144,2,4344,2,2,2172.0000,334.1538
564,AW00011563,"Cesar Srini",53,"50 and above",New,2013-07-05,140,1,54,1,1,54.0000,54
565,AW00011564,"Jorge Liang",53,"50 and above",Regular,2013-03-18,144,2,4369,2,2,2184.5000,336.0769
566,AW00011565,"Erik Diaz",53,"50 and above",New,2013-09-08,138,1,35,1,1,35.0000,35
567,AW00011566,"April Shan",52,"50 and above",Regular,2014-01-07,134,25,1002,58,15,40.0800,83.5000
568,AW00011567,"Carla Perez",46,40-49,New,2013-03-15,144,1,54,1,1,54.0000,54
569,AW00011568,"Alexia Foster",52,"50 and above",VIP,2013-09-20,138,3,6789,5,5,2263.0000,339.4500
570,AW00011569,"Troy Malhotra",47,40-49,New,2013-11-20,136,1,35,1,1,35.0000,35
571,AW00011570,"Kristin Andersen",53,"50 and above",Regular,2013-03-14,144,2,4391,2,2,2195.5000,365.9167
572,AW00011571,"Joel Sai",53,"50 and above",New,2013-03-20,144,2,4390,4,4,2195.0000,1463.3333
573,AW00011572,"Billy Moreno",48,40-49,New,2013-03-08,144,2,4450,6,6,2225.0000,1483.3333
574,AW00011573,"Meagan Subram",48,40-49,New,2013-07-27,140,1,35,1,1,35.0000,35
575,AW00011574,"Karla Luo",54,"50 and above",New,2013-03-15,144,1,35,1,1,35.0000,35
576,AW00011575,"Jackson Campbell",54,"50 and above",VIP,2013-09-16,138,3,6806,7,7,2268.6667,340.3000
577,AW00011576,"Micah Zhu",54,"50 and above",New,2013-03-23,144,2,4486,3,3,2243.0000,1495.3333
578,AW00011577,"Janet Serrano",53,"50 and above",New,2013-03-12,144,2,4344,2,1,2172.0000,1448.0000
579,AW00011578,"Trisha Huang",54,"50 and above",New,2013-03-12,144,2,4406,4,4,2203.0000,1101.5000
580,AW00011579,"Clayton Beck",44,40-49,New,2013-07-31,140,1,44,2,2,44.0000,44
581,AW00011580,"Melvin Raje",86,"50 and above",New,2013-04-16,143,1,35,1,1,35.0000,35
583,AW00011582,"Claudia Ma",50,"50 and above",New,2013-03-23,144,2,4379,3,3,2189.5000,1459.6667
584,AW00011583,"Karla Xu",54,"50 and above",New,2013-04-08,143,2,4381,4,4,2190.5000,1095.2500
585,AW00011584,"Devin Carter",53,"50 and above",New,2013-09-16,138,1,9,1,1,9.0000,9
586,AW00011585,"Kari Perez",49,40-49,New,2014-01-10,134,1,50,1,1,50.0000,50
587,AW00011586,"Alberto Romero",53,"50 and above",New,2013-10-28,137,1,9,1,1,9.0000,9
588,AW00011587,"Kevin Bryant",49,40-49,New,2013-04-09,143,2,4540,5,5,2270.0000,908.0000
589,AW00011588,"Candace Mehta",55,"50 and above",New,2013-05-12,142,2,4369,2,2,2184.5000,728.1667
590,AW00011589,"Ebony Malhotra",49,40-49,New,2013-06-04,141,1,15,2,2,15.0000,15
591,AW00011590,"Erika Diaz",44,40-49,New,2013-05-23,142,2,4384,4,4,2192.0000,876.8000
592,AW00011591,"Stacey Lu",56,"50 and above",VIP,2013-05-23,142,2,5895,3,3,2947.5000,210.5357
593,AW00011592,"Darrell Raji",41,40-49,VIP,2013-05-12,142,2,5875,3,3,2937.5000,209.8214
594,AW00011593,"Armando Moreno",42,40-49,VIP,2013-06-19,141,2,5908,3,3,2954.0000,203.7241
595,AW00011594,"Corey Goel",39,30-39,New,2013-08-17,139,1,89,2,2,89.0000,89
596,AW00011595,"Sebastian Howard",40,40-49,New,2013-12-30,135,1,35,1,1,35.0000,35
597,AW00011596,"Roger Raje",56,"50 and above",New,2013-10-01,138,1,50,3,3,50.0000,50
598,AW00011597,"Janelle Chandra",41,40-49,New,2014-01-05,134,1,35,1,1,35.0000,35
599,AW00011598,"Meredith Ruiz",41,40-49,Regular,2013-03-24,144,2,4548,5,4,2274.0000,379.0000
600,AW00011599,"Melody Diaz",42,40-49,VIP,2013-06-12,141,2,5957,6,6,2978.5000,205.4138
601,AW00011600,"Linda Rubio",42,40-49,New,2013-05-06,142,1,35,1,1,35.0000,35
602,AW00011601,"Ivan Raman",42,40-49,VIP,2013-06-07,141,2,5932,6,6,2966.0000,204.5517
603,AW00011602,"Larry Gill",42,40-49,New,2013-07-10,140,1,35,1,1,35.0000,35
604,AW00011603,"Geoffrey Gonzalez",42,40-49,VIP,2013-10-08,137,3,6767,5,5,2255.6667,322.2381
605,AW00011604,"Edgar Sanchez",42,40-49,VIP,2013-10-16,137,3,6786,7,7,2262.0000,323.1429
606,AW00011605,"Heidi Subram",42,40-49,New,2013-02-28,145,2,4344,2,2,2172.0000,394.9091
607,AW00011606,"Melody Ramos",39,30-39,VIP,2013-06-28,141,2,5922,5,5,2961.0000,204.2069
608,AW00011607,"Clinton Moreno",38,30-39,VIP,2013-06-10,141,2,5913,4,4,2956.5000,203.8966
609,AW00011608,"Cesar Madan",43,40-49,New,2013-12-13,135,1,35,1,1,35.0000,35
610,AW00011609,"Eugene Ye",43,40-49,VIP,2013-11-23,136,3,6872,9,9,2290.6667,312.3636
611,AW00011610,"Blake Collins",44,40-49,VIP,2013-11-01,137,3,6786,6,6,2262.0000,308.4545
612,AW00011611,"Ernest Lin",40,40-49,VIP,2013-06-29,141,2,5873,2,2,2936.5000,202.5172
613,AW00011612,"Keith Andersen",39,30-39,VIP,2013-11-18,136,3,6795,6,6,2265.0000,323.5714
614,AW00011613,"Meredith Prasad",43,40-49,New,2013-04-24,143,2,4381,4,4,2190.5000,398.2727
615,AW00011614,"Katrina Sharma",44,40-49,New,2013-04-05,143,2,4438,5,5,2219.0000,403.4545
616,AW00011615,"Dwayne Navarro",43,40-49,VIP,2013-04-13,143,3,5205,7,6,1735.0000,371.7857
617,AW00011616,"Casey Nath",44,40-49,VIP,2013-04-15,143,3,5253,10,10,1751.0000,375.2143
618,AW00011617,"Sean Brooks",60,"50 and above",VIP,2013-04-07,143,2,5935,4,4,2967.5000,312.3684
619,AW00011618,"Brian Ramirez",60,"50 and above",New,2013-02-09,145,1,2370,4,4,2370.0000,2370
620,AW00011619,"Sierra Young",46,40-49,New,2013-12-02,136,16,633,29,18,39.5625,63.3000
621,AW00011620,"Megan Rodriguez",46,40-49,New,2013-07-27,140,2,44,4,3,22.0000,8.8000
622,AW00011621,"Leah She",46,40-49,New,2013-10-30,137,2,123,6,6,61.5000,61.5000
623,AW00011622,"Gabriel Allen",45,40-49,New,2013-06-15,141,2,133,5,5,66.5000,66.5000
624,AW00011623,"Angela Perry",46,40-49,VIP,2013-04-26,143,2,5948,5,5,2974.0000,313.0526
625,AW00011624,"Ryan Smith",41,40-49,VIP,2013-04-24,143,2,5898,2,2,2949.0000,310.4211
626,AW00011625,"Zachary Moore",46,40-49,VIP,2013-04-23,143,2,5913,4,4,2956.5000,311.2105
627,AW00011626,"Destiny Rogers",46,40-49,VIP,2013-04-07,143,2,5959,4,4,2979.5000,313.6316
628,AW00011627,"Dalton Gray",46,40-49,New,2013-11-09,136,2,50,4,4,25.0000,16.6667
629,AW00011628,"Mariah Wood",47,40-49,VIP,2013-03-31,144,2,5875,3,3,2937.5000,326.3889
630,AW00011629,"Isaiah Wright",48,40-49,VIP,2013-04-18,143,2,5930,4,4,2965.0000,312.1053
631,AW00011630,"Haley Powell",47,40-49,VIP,2013-04-27,143,2,5933,3,3,2966.5000,312.2632
632,AW00011631,"Antonio Bennett",48,40-49,New,2013-12-25,135,16,706,33,22,44.1250,70.6000
633,AW00011632,"Alexandra Jenkins",42,40-49,Regular,2014-01-03,135,16,1001,34,23,62.5625,83.4167
634,AW00011633,"Thomas Anderson",47,40-49,New,2014-01-14,134,2,77,4,4,38.5000,38.5000
635,AW00011634,"Samuel Collins",47,40-49,New,2013-04-26,143,2,39,3,2,19.5000,39.0000
636,AW00011635,"Darrell Chande",41,40-49,New,2013-09-21,138,2,42,3,3,21.0000,6.0000
637,AW00011636,"Kimberly Cox",46,40-49,New,2014-01-18,134,2,77,4,4,38.5000,19.2500
638,AW00011637,"Morgan Hernandez",41,40-49,New,2013-02-15,145,2,39,3,2,19.5000,39
639,AW00011638,"Antonio Powell",47,40-49,New,2013-10-19,137,2,77,4,4,38.5000,77
640,AW00011639,"Angelica Perry",46,40-49,New,2014-01-08,134,2,127,5,5,63.5000,63.5000
641,AW00011640,"Chloe Wilson",49,40-49,New,2013-12-29,135,5,408,15,14,81.6000,45.3333
642,AW00011641,"James Chen",49,40-49,New,2013-08-18,139,5,302,11,10,60.4000,43.1429
643,AW00011642,"Morgan Hughes",48,40-49,New,2014-01-24,134,5,481,15,14,96.2000,43.7273
644,AW00011643,"Naomi Munoz",49,40-49,New,2013-07-04,140,2,100,5,5,50.0000,33.3333
645,AW00011644,"Charles Torres",49,40-49,New,2014-01-05,134,2,42,3,3,21.0000,5.2500
646,AW00011645,"Gabriella Turner",49,40-49,New,2014-01-03,135,2,153,5,5,76.5000,76.5000
647,AW00011646,"Anna Foster",45,40-49,New,2013-07-25,140,2,113,3,3,56.5000,113
648,AW00011647,"Randy Wu",50,"50 and above",New,2013-02-15,145,1,2366,5,5,2366.0000,2366
649,AW00011648,"Kevin Scott",44,40-49,New,2013-09-02,139,2,89,2,2,44.5000,89.0000
650,AW00011649,"Ian White",45,40-49,New,2013-04-23,143,2,91,3,3,45.5000,91
651,AW00011650,"Caleb Hayes",50,"50 and above",New,2013-12-17,135,2,129,4,4,64.5000,12.9000
652,AW00011651,"Patricia Garcia",42,40-49,New,2013-10-18,137,5,226,8,7,45.2000,32.2857
653,AW00011652,"Samuel Russell",42,40-49,New,2013-12-18,135,5,310,14,11,62.0000,51.6667
654,AW00011653,"Sydney Peterson",42,40-49,New,2013-10-12,137,2,179,5,5,89.5000,29.8333
655,AW00011654,"Ariana Sanchez",48,40-49,VIP,2013-04-24,143,2,5955,4,4,2977.5000,330.8333
656,AW00011655,"Tamara Sharma",43,40-49,New,2013-12-02,136,2,50,4,4,25.0000,16.6667
657,AW00011656,"Katelyn Perez",48,40-49,New,2014-01-12,134,2,77,4,4,38.5000,19.2500
658,AW00011657,"Megan Cox",48,40-49,New,2014-01-28,134,2,179,5,5,89.5000,22.3750
659,AW00011658,"Robert Mitchell",39,30-39,New,2013-07-24,140,2,112,5,5,56.0000,37.3333
660,AW00011659,"Miguel Adams",50,"50 and above",New,2014-01-06,134,5,234,10,9,46.8000,29.2500
661,AW00011660,"Miranda Gonzales",45,40-49,New,2013-08-16,139,5,323,15,11,64.6000,107.6667
662,AW00011661,"Jeremiah James",44,40-49,New,2013-12-14,135,5,287,11,10,57.4000,35.8750
663,AW00011662,"Ethan Kumar",49,40-49,New,2013-07-06,140,2,100,4,4,50.0000,50.0000
664,AW00011663,"Seth Williams",49,40-49,VIP,2013-02-15,145,2,5948,5,5,2974.0000,371.7500
665,AW00011664,"Alyssa Morgan",49,40-49,VIP,2013-02-21,145,2,5948,5,5,2974.0000,371.7500
666,AW00011665,"Janet Dominguez",48,40-49,VIP,2013-02-14,145,2,5930,4,4,2965.0000,370.6250
667,AW00011666,"Angel Baker",43,40-49,VIP,2013-02-07,145,2,5948,5,5,2974.0000,371.7500
668,AW00011667,"Blake Moore",52,"50 and above",New,2013-12-19,135,2,91,3,3,45.5000,18.2000
669,AW00011668,"Jada Collins",41,40-49,New,2014-01-04,134,2,129,4,4,64.5000,129.0000
670,AW00011669,"Isabella Simmons",46,40-49,New,2013-08-19,139,2,113,6,6,56.5000,113
671,AW00011670,"Jacqueline Perry",51,"50 and above",New,2013-09-18,138,2,100,4,4,50.0000,20.0000
672,AW00011671,"Jessica Brown",53,"50 and above",VIP,2013-04-08,143,2,5970,4,4,2985.0000,331.6667
673,AW00011672,"Chad Jai",53,"50 and above",New,2013-09-18,138,2,113,3,3,56.5000,56.5000
674,AW00011673,"Susan Ye",48,40-49,New,2013-03-03,145,2,192,6,6,96.0000,96.0000
675,AW00011674,"Morgan Rogers",53,"50 and above",New,2013-08-18,139,2,96,4,4,48.0000,32.0000
676,AW00011675,"Devin Martinez",48,40-49,VIP,2013-02-09,145,2,5898,2,2,2949.0000,368.6250
677,AW00011676,"Alan Hu",53,"50 and above",New,2013-12-09,135,2,91,3,3,45.5000,22.7500
678,AW00011677,"Charles Walker",44,40-49,New,2013-11-30,136,5,297,10,10,59.4000,42.4286
679,AW00011678,"Johnny Chavez",50,"50 and above",VIP,2013-02-05,145,2,5900,3,3,2950.0000,368.7500
680,AW00011679,"Dalton Richardson",50,"50 and above",New,2013-11-29,136,2,146,4,4,73.0000,146.0000
681,AW00011680,"Kaylee Nelson",50,"50 and above",New,2014-01-19,134,2,94,3,3,47.0000,23.5000
682,AW00011681,"Abigail Jones",50,"50 and above",New,2013-11-25,136,2,138,5,5,69.0000,17.2500
683,AW00011682,"Kaitlyn Hall",45,40-49,New,2013-12-09,135,2,253,4,4,126.5000,84.3333
684,AW00011683,"Greg Taylor",50,"50 and above",VIP,2013-02-07,145,2,5897,5,5,2948.5000,368.5625
685,AW00011684,"Devin Parker",54,"50 and above",New,2013-12-12,135,2,94,3,3,47.0000,18.8000
686,AW00011685,"Jose Griffin",54,"50 and above",New,2013-12-13,135,2,111,5,5,55.5000,12.3333
687,AW00011686,"Luke Edwards",48,40-49,New,2013-04-24,143,2,129,4,4,64.5000,129.0000
688,AW00011687,"Cody Torres",48,40-49,New,2013-06-21,141,2,98,3,3,49.0000,49.0000
689,AW00011688,"Victoria Morris",48,40-49,VIP,2013-02-14,145,2,5967,5,5,2983.5000,372.9375
690,AW00011689,"Ian Diaz",54,"50 and above",New,2013-09-02,139,2,89,2,2,44.5000,89.0000
691,AW00011690,"Caroline Butler",49,40-49,VIP,2013-04-26,143,2,5904,4,4,2952.0000,328.0000
692,AW00011691,"Kaitlyn Wilson",50,"50 and above",New,2013-05-19,142,2,120,4,4,60.0000,40.0000
693,AW00011692,"Caleb Gonzales",55,"50 and above",New,2014-01-18,134,2,94,3,3,47.0000,15.6667
694,AW00011693,"Hailey Diaz",49,40-49,New,2013-01-28,146,1,2295,1,1,2295.0000,2295
695,AW00011694,"Jonathon Ortega",55,"50 and above",New,2013-09-28,138,2,129,4,4,64.5000,25.8000
696,AW00011695,"Logan Campbell",55,"50 and above",New,2013-08-19,139,2,129,4,4,64.5000,32.2500
697,AW00011696,"Mackenzie Campbell",50,"50 and above",VIP,2013-04-29,143,2,5873,2,2,2936.5000,326.2778
698,AW00011697,"Eduardo Lee",49,40-49,New,2013-10-04,137,2,153,5,5,76.5000,76.5000
699,AW00011698,"Jackson Wright",49,40-49,New,2014-01-14,134,5,255,7,7,51.0000,25.5000
700,AW00011699,"Chase Peterson",56,"50 and above",New,2013-08-09,139,2,122,5,5,61.0000,40.6667
701,AW00011700,"Xavier Richardson",55,"50 and above",New,2013-06-09,141,2,138,5,5,69.0000,34.5000
702,AW00011701,"David Hayes",39,30-39,New,2013-05-04,142,2,129,4,4,64.5000,129.0000
703,AW00011702,"Jenny Zhou",50,"50 and above",New,2013-11-14,136,2,96,4,4,48.0000,16.0000
704,AW00011703,"Kaylee Baker",51,"50 and above",New,2013-11-16,136,2,100,4,4,50.0000,11.1111
705,AW00011704,"Evan Hernandez",51,"50 and above",New,2013-07-17,140,2,94,3,3,47.0000,94
706,AW00011705,"Brooke Richardson",45,40-49,VIP,2013-05-27,142,2,5940,5,5,2970.0000,312.6316
707,AW00011706,"Blake Perez",56,"50 and above",New,2013-10-04,137,2,89,2,2,44.5000,12.7143
708,AW00011707,"Natalie Cook",55,"50 and above",VIP,2013-05-24,142,2,6025,5,5,3012.5000,317.1053
709,AW00011708,"Elizabeth Weisman",50,"50 and above",VIP,2013-05-28,142,2,5908,4,4,2954.0000,310.9474
710,AW00011709,"Hailey Collins",56,"50 and above",New,2013-10-14,137,5,325,12,9,65.0000,46.4286
711,AW00011710,"Zoe Ramirez",57,"50 and above",New,2013-12-12,135,2,98,3,3,49.0000,98.0000
712,AW00011711,"Daniel Davis",51,"50 and above",New,2014-01-26,134,27,1104,55,27,40.8889,100.3636
713,AW00011712,"Shelby Rogers",56,"50 and above",New,2013-10-29,137,5,128,8,8,25.6000,16.0000
714,AW00011713,"Kyle Zhang",57,"50 and above",New,2013-11-21,136,2,192,6,6,96.0000,48.0000
715,AW00011714,"Alexandria Long",56,"50 and above",New,2013-05-14,142,2,94,3,3,47.0000,31.3333
716,AW00011715,"Chloe Robinson",57,"50 and above",New,2013-12-30,135,2,144,4,4,72.0000,144
717,AW00011716,"Evan Kelly",57,"50 and above",New,2014-01-13,134,2,96,4,4,48.0000,12.0000
718,AW00011717,"Marcus Jones",52,"50 and above",New,2013-12-28,135,2,193,5,5,96.5000,27.5714
719,AW00011718,"Sarah Jones",52,"50 and above",New,2013-03-21,144,2,100,4,4,50.0000,100
720,AW00011719,"Blake Green",53,"50 and above",New,2013-09-20,138,5,286,11,10,57.2000,57.2000
721,AW00011720,"Morgan Morris",59,"50 and above",New,2013-07-24,140,2,118,6,6,59.0000,59.0000
722,AW00011721,"Jennifer Alexander",54,"50 and above",New,2013-10-17,137,2,105,5,5,52.5000,26.2500
723,AW00011722,"Julian Hughes",59,"50 and above",New,2013-11-09,136,2,153,5,5,76.5000,38.2500
724,AW00011723,"Luke Coleman",52,"50 and above",Regular,2014-01-03,135,5,193,9,8,38.6000,16.0833
725,AW00011724,"Jason Carter",52,"50 and above",New,2013-12-14,135,5,210,13,11,42.0000,21.0000
726,AW00011725,"Jose Li",52,"50 and above",New,2013-05-02,143,2,124,5,5,62.0000,124.0000
727,AW00011726,"Micah Liang",52,"50 and above",New,2013-12-07,135,2,224,7,7,112.0000,112.0000
728,AW00011727,"Benjamin Taylor",52,"50 and above",VIP,2013-05-04,142,2,5962,4,4,2981.0000,313.7895
729,AW00011728,"Logan White",59,"50 and above",New,2013-11-06,136,2,110,4,4,55.0000,22.0000
730,AW00011729,"Caleb Campbell",53,"50 and above",New,2014-01-11,134,2,160,5,5,80.0000,26.6667
731,AW00011730,"Emma Torres",59,"50 and above",New,2014-01-08,134,2,134,5,4,67.0000,16.7500
732,AW00011731,"Tanya Gill",59,"50 and above",New,2013-08-04,139,2,121,5,5,60.5000,24.2000
733,AW00011732,"Erick Sanchez",55,"50 and above",New,2013-08-15,139,2,174,5,5,87.0000,87.0000
734,AW00011733,"Kristi Schmidt",54,"50 and above",New,2014-01-07,134,2,195,4,4,97.5000,195
735,AW00011734,"Omar Chen",54,"50 and above",New,2013-07-07,140,2,136,4,4,68.0000,136.0000
736,AW00011735,"Sydney Gray",60,"50 and above",New,2013-12-22,135,2,110,4,4,55.0000,11.0000
737,AW00011736,"Sebastian Sanchez",54,"50 and above",New,2013-12-04,135,2,166,5,5,83.0000,83.0000
738,AW00011737,"Megan Martin",55,"50 and above",New,2013-07-17,140,2,77,4,4,38.5000,15.4000
739,AW00011738,"Elijah Alexander",54,"50 and above",New,2013-12-27,135,5,330,13,12,66.0000,33.0000
740,AW00011739,"Aaron King",60,"50 and above",New,2013-04-16,143,2,4758,6,6,2379.0000,1586.0000
741,AW00011740,"Jan Hall",60,"50 and above",New,2014-01-18,134,5,384,14,12,76.8000,38.4000
742,AW00011741,"Tamara Chander",60,"50 and above",VIP,2013-02-20,145,2,6079,4,4,3039.5000,379.9375
743,AW00011742,"Edward Lewis",60,"50 and above",VIP,2013-05-22,142,2,5915,5,5,2957.5000,311.3158
744,AW00011743,"Chase Kelly",50,"50 and above",VIP,2013-05-16,142,2,5898,2,2,2949.0000,310.4211
745,AW00011744,"Stephanie Campbell",61,"50 and above",New,2013-08-27,139,2,72,3,3,36.0000,18.0000
746,AW00011745,"Allison Gonzalez",60,"50 and above",VIP,2013-05-04,142,2,5948,5,5,2974.0000,313.0526
747,AW00011746,"Seth Brooks",60,"50 and above",New,2013-11-09,136,2,77,4,4,38.5000,7.7000
748,AW00011747,"Destiny Davis",61,"50 and above",New,2013-10-13,137,2,116,4,4,58.0000,58.0000
749,AW00011748,"Blake Hill",61,"50 and above",New,2013-11-01,137,5,132,8,7,26.4000,26.4000
750,AW00011749,"Eduardo Jackson",44,40-49,New,2013-12-31,135,3,48,4,4,16.0000,6.0000
751,AW00011750,"Latoya She",40,40-49,VIP,2013-10-01,138,3,8148,6,6,2716.0000,301.7778
752,AW00011751,"Victoria Gonzales",49,40-49,VIP,2013-07-17,140,3,8215,6,6,2738.3333,342.2917
753,AW00011752,"Lauren Bryant",43,40-49,New,2013-12-06,135,3,138,8,8,46.0000,13.8000
754,AW00011753,"Felicia Ortega",49,40-49,New,2013-10-15,137,3,48,4,4,16.0000,8.0000
755,AW00011754,"Janet Ortega",49,40-49,VIP,2013-07-30,140,3,8163,5,5,2721.0000,340.1250
756,AW00011755,"Willie Pal",51,"50 and above",New,2013-08-17,139,3,46,5,4,15.3333,15.3333
757,AW00011756,"Linda Ortega",51,"50 and above",VIP,2013-10-25,137,3,8078,6,6,2692.6667,299.1852
758,AW00011757,"Vincent Cai",45,40-49,New,2013-11-27,136,3,57,5,4,19.0000,6.3333
759,AW00011758,"Colin Yuan",45,40-49,New,2013-11-24,136,3,57,5,4,19.0000,7.1250
760,AW00011759,"Dawn Nath",44,40-49,VIP,2013-07-09,140,3,8054,3,3,2684.6667,335.5833
761,AW00011760,"Melody Moreno",51,"50 and above",New,2013-11-19,136,3,275,9,9,91.6667,34.3750
762,AW00011761,"Edgar Mehta",52,"50 and above",VIP,2013-07-29,140,3,8149,8,8,2716.3333,354.3043
763,AW00011762,"Randall Gomez",41,40-49,VIP,2013-07-06,140,3,8228,7,7,2742.6667,357.7391
764,AW00011763,"Ross Fernandez",52,"50 and above",New,2013-11-12,136,3,76,7,6,25.3333,7.6000
765,AW00011764,"Jessie Ramos",52,"50 and above",VIP,2013-07-07,140,3,8129,6,6,2709.6667,369.5000
766,AW00011765,"Marc Torres",41,40-49,VIP,2013-07-26,140,3,8143,5,5,2714.3333,370.1364
767,AW00011766,"Candace Raman",53,"50 and above",VIP,2013-07-10,140,3,8280,11,11,2760.0000,376.3636
768,AW00011767,"Meagan Madan",47,40-49,VIP,2013-07-12,140,3,8319,7,7,2773.0000,378.1364
769,AW00011768,"Clayton Nara",42,40-49,VIP,2013-07-14,140,3,8139,4,4,2713.0000,369.9545
770,AW00011769,"Haley Hernandez",46,40-49,New,2013-09-18,138,5,478,17,14,95.6000,95.6000
771,AW00011770,"Peter Nara",46,40-49,New,2013-10-21,137,2,77,4,4,38.5000,38.5000
772,AW00011771,"Isaac Rivera",45,40-49,New,2013-07-24,140,2,94,3,3,47.0000,23.5000
773,AW00011772,"Cameron Moore",41,40-49,VIP,2013-05-15,142,2,5913,4,4,2956.5000,311.2105
774,AW00011773,"Gavin Diaz",46,40-49,VIP,2013-04-30,143,2,5984,4,4,2992.0000,332.4444
775,AW00011774,"Emma Sanchez",46,40-49,VIP,2013-06-13,141,2,5900,3,3,2950.0000,295.0000
777,AW00011776,"Seth Mitchell",46,40-49,VIP,2013-06-03,142,2,6079,4,4,3039.5000,303.9500
778,AW00011777,"Miranda Long",47,40-49,VIP,2013-06-22,141,2,5915,5,5,2957.5000,295.7500
779,AW00011778,"Haley Henderson",48,40-49,VIP,2013-06-29,141,2,5873,2,2,2936.5000,293.6500
780,AW00011779,"Sarah Jackson",48,40-49,VIP,2013-06-23,141,2,5873,2,2,2936.5000,293.6500
781,AW00011780,"Jessica Alexander",47,40-49,VIP,2013-06-18,141,2,5973,5,5,2986.5000,298.6500
782,AW00011781,"Carlos Gray",48,40-49,New,2013-12-09,135,2,134,5,5,67.0000,14.8889
783,AW00011782,"Barbara Jai",43,40-49,New,2013-09-16,138,2,151,6,6,75.5000,151.0000
784,AW00011783,"Sara Mitchell",42,40-49,New,2013-05-11,142,2,110,4,3,55.0000,55.0000
785,AW00011784,"Jose Turner",46,40-49,New,2013-12-17,135,5,272,12,9,54.4000,34.0000
786,AW00011785,"Theodore Diaz",42,40-49,New,2013-08-31,139,2,75,3,3,37.5000,18.7500
787,AW00011786,"Ian Murphy",47,40-49,New,2014-01-23,134,2,127,4,3,63.5000,127.0000
788,AW00011787,"Jerry Nath",47,40-49,New,2013-11-05,136,2,110,4,3,55.0000,110.0000
789,AW00011788,"Destiny James",47,40-49,New,2013-08-20,139,2,255,5,5,127.5000,85.0000
790,AW00011789,"Bailey Phillips",44,40-49,New,2013-04-28,143,2,72,3,3,36.0000,72.0000
791,AW00011790,"Timothy Gonzalez",43,40-49,New,2013-05-22,142,2,147,5,5,73.5000,73.5000
792,AW00011791,"Chase Morgan",49,40-49,New,2013-12-01,136,2,120,3,3,60.0000,40.0000
793,AW00011792,"Alexia Perry",50,"50 and above",New,2013-06-30,141,2,120,3,3,60.0000,120.0000
794,AW00011793,"Xavier Rogers",45,40-49,New,2013-02-10,145,2,102,4,4,51.0000,102
795,AW00011794,"Lauren Ross",49,40-49,New,2014-01-28,134,2,77,4,4,38.5000,38.5000
796,AW00011795,"Nicole Thomas",50,"50 and above",New,2013-11-25,136,2,75,3,3,37.5000,18.7500
797,AW00011796,"Isabel Jenkins",39,30-39,VIP,2013-05-30,142,2,5995,7,7,2997.5000,315.5263
798,AW00011797,"Devin Coleman",45,40-49,VIP,2013-06-29,141,2,5972,6,6,2986.0000,298.6000
799,AW00011798,"Brendan Chande",50,"50 and above",VIP,2013-06-11,141,2,5953,3,3,2976.5000,297.6500
800,AW00011799,"Jessie Wang",44,40-49,VIP,2013-06-09,141,2,5921,5,5,2960.5000,296.0500
801,AW00011800,"Jennifer Baker",49,40-49,New,2013-08-13,139,2,77,4,4,38.5000,77
802,AW00011801,"Aaron Sharma",50,"50 and above",New,2013-12-31,135,2,87,3,3,43.5000,87
803,AW00011802,"Madison Taylor",48,40-49,New,2013-12-01,136,5,214,12,10,42.8000,21.4000
804,AW00011803,"Jan Hernandez",48,40-49,New,2013-11-23,136,2,230,6,6,115.0000,57.5000
805,AW00011804,"Haley Turner",48,40-49,New,2013-08-12,139,2,134,5,5,67.0000,44.6667
806,AW00011805,"Richard Green",48,40-49,New,2013-11-05,136,2,129,4,4,64.5000,18.4286
807,AW00011806,"Jennifer Stewart",42,40-49,New,2013-10-03,138,2,96,4,4,48.0000,12.0000
808,AW00011807,"Lucas Baker",48,40-49,New,2013-09-12,138,2,153,5,5,76.5000,30.6000
809,AW00011808,"James Parker",50,"50 and above",New,2013-10-25,137,5,609,14,12,121.8000,87.0000
810,AW00011809,"Juan Gray",51,"50 and above",VIP,2013-06-10,141,2,5929,4,4,2964.5000,296.4500
811,AW00011810,"Antonio Washington",47,40-49,VIP,2013-06-24,141,2,5973,5,5,2986.5000,298.6500
812,AW00011811,"Abigail Brooks",46,40-49,VIP,2013-06-17,141,2,5898,2,2,2949.0000,294.9000
813,AW00011812,"Andrew Rodriguez",52,"50 and above",VIP,2013-06-18,141,2,5900,3,3,2950.0000,295.0000
814,AW00011813,"Mary Patterson",51,"50 and above",VIP,2013-06-28,141,2,5953,3,3,2976.5000,297.6500
815,AW00011814,"Dalton Morgan",49,40-49,New,2013-09-08,138,2,101,5,5,50.5000,33.6667
816,AW00011815,"Hannah Patterson",43,40-49,VIP,2013-02-24,145,2,5948,5,5,2974.0000,371.7500
817,AW00011816,"Joe Torres",43,40-49,VIP,2013-02-20,145,2,5933,3,3,2966.5000,370.8125
818,AW00011817,"Morgan Miller",43,40-49,VIP,2013-02-12,145,2,5898,2,2,2949.0000,368.6250
819,AW00011818,"Daniel Garcia",49,40-49,VIP,2013-01-30,146,2,5954,5,5,2977.0000,396.9333
820,AW00011819,"Jose Lal",51,"50 and above",New,2014-01-16,134,2,96,4,4,48.0000,8.7273
821,AW00011820,"Katelyn Lopez",47,40-49,New,2013-12-06,135,5,232,10,9,46.4000,23.2000
822,AW00011821,"Austin Johnson",53,"50 and above",New,2013-09-03,139,2,151,7,7,75.5000,75.5000
823,AW00011822,"Rohinton Wadia",53,"50 and above",New,2013-08-26,139,2,87,3,3,43.5000,29.0000
824,AW00011823,"Morgan Turner",47,40-49,New,2014-01-23,134,5,263,16,11,52.6000,32.8750
825,AW00011824,"Jill Martin",47,40-49,New,2014-01-09,134,5,240,11,10,48.0000,24.0000
826,AW00011825,"Aimee She",53,"50 and above",VIP,2013-02-12,145,2,5900,3,3,2950.0000,368.7500
827,AW00011826,"Jessie Alonso",53,"50 and above",VIP,2013-02-15,145,2,5898,2,2,2949.0000,368.6250
828,AW00011827,"Sara Baker",44,40-49,New,2013-12-09,135,5,511,15,12,102.2000,51.1000
829,AW00011828,"Katherine Martinez",44,40-49,New,2013-04-19,143,2,94,3,3,47.0000,94
830,AW00011829,"Sophia Campbell",49,40-49,New,2013-06-21,141,2,131,6,6,65.5000,43.6667
831,AW00011830,"Taylor Garcia",50,"50 and above",VIP,2013-01-30,146,2,5930,4,4,2965.0000,370.6250
832,AW00011831,"Christian Ross",49,40-49,VIP,2013-02-10,145,2,5933,3,3,2966.5000,370.8125
833,AW00011832,"Zoe Murphy",49,40-49,New,2013-09-09,138,2,125,4,4,62.5000,17.8571
834,AW00011833,"Oscar Price",43,40-49,New,2013-11-28,136,5,240,11,11,48.0000,48.0000
835,AW00011834,"Fernando Flores",42,40-49,VIP,2013-02-13,145,2,5908,3,3,2954.0000,369.2500
836,AW00011835,"Elijah Russell",54,"50 and above",New,2013-05-18,142,2,4772,7,7,2386.0000,1193.0000
837,AW00011836,"Garrett Travers",54,"50 and above",New,2013-04-22,143,2,70,2,2,35.0000,70.0000
838,AW00011837,"Haley Alexander",48,40-49,VIP,2013-02-20,145,2,5923,5,5,2961.5000,370.1875
839,AW00011838,"Justin Rodriguez",54,"50 and above",New,2013-08-28,139,2,135,6,6,67.5000,45.0000
840,AW00011839,"Tyler Brown",48,40-49,VIP,2013-06-12,141,2,5955,4,4,2977.5000,297.7500
841,AW00011840,"Julian Patterson",48,40-49,New,2013-05-04,142,2,87,3,3,43.5000,87.0000
842,AW00011841,"Sean Nelson",55,"50 and above",New,2013-11-06,136,5,307,13,10,61.4000,51.1667
843,AW00011842,"Justin Wilson",55,"50 and above",New,2013-12-04,135,2,99,4,4,49.5000,14.1429
844,AW00011843,"Christy Nara",49,40-49,New,2013-03-08,144,2,116,5,5,58.0000,116.0000
845,AW00011844,"Michele Alvarez",55,"50 and above",New,2014-01-11,134,2,125,4,4,62.5000,41.6667
846,AW00011845,"Natalie Jones",95,"50 and above",New,2013-12-09,135,4,197,11,8,49.2500,19.7000
847,AW00011846,"Savannah Reed",55,"50 and above",New,2013-07-10,140,2,85,2,2,42.5000,28.3333
848,AW00011847,"Cassidy Diaz",54,"50 and above",New,2013-11-15,136,2,125,4,4,62.5000,25.0000
849,AW00011848,"Joshua Lewis",50,"50 and above",New,2013-12-06,135,2,92,4,4,46.0000,18.4000
850,AW00011849,"Faith Reed",55,"50 and above",New,2014-01-11,134,2,258,5,5,129.0000,129.0000
851,AW00011850,"Brooke Ramirez",44,40-49,New,2013-06-03,142,2,149,5,5,74.5000,74.5000
852,AW00011851,"Jada Mitchell",56,"50 and above",New,2013-12-05,135,2,85,2,2,42.5000,14.1667
853,AW00011852,"Kyle Russell",55,"50 and above",New,2013-09-02,139,2,125,4,4,62.5000,62.5000
854,AW00011853,"Grace Jones",45,40-49,New,2013-06-20,141,2,90,3,3,45.0000,90.0000
855,AW00011854,"Jason Mitchell",51,"50 and above",VIP,2013-06-15,141,2,5985,8,8,2992.5000,299.2500
856,AW00011855,"Christian Walker",50,"50 and above",New,2013-09-11,138,2,90,3,3,45.0000,18.0000
857,AW00011856,"Seth Hernandez",56,"50 and above",New,2013-12-31,135,2,134,5,5,67.0000,134.0000
858,AW00011857,"Isabella Young",51,"50 and above",New,2013-12-05,135,2,125,4,4,62.5000,62.5000
859,AW00011858,"Jordan Coleman",56,"50 and above",New,2013-07-12,140,2,85,2,2,42.5000,21.2500
860,AW00011859,"Blake Garcia",57,"50 and above",New,2013-12-01,136,2,72,3,3,36.0000,9.0000
861,AW00011860,"Nicole Walker",57,"50 and above",New,2013-11-12,136,2,70,2,2,35.0000,17.5000
862,AW00011861,"Katherine Carter",57,"50 and above",New,2013-12-22,135,5,287,13,11,57.4000,41.0000
863,AW00011862,"Olivia Peterson",52,"50 and above",New,2013-10-23,137,2,209,5,5,104.5000,41.8000
864,AW00011863,"Jessica Wood",57,"50 and above",New,2013-09-04,138,2,48,3,3,24.0000,48
865,AW00011864,"Elizabeth Thompson",58,"50 and above",New,2013-06-06,141,2,48,3,3,24.0000,16.0000
866,AW00011865,"Chloe Rivera",58,"50 and above",New,2013-10-06,137,2,115,4,4,57.5000,14.3750
867,AW00011866,"Lucas Scott",58,"50 and above",New,2013-04-27,143,2,43,2,2,21.5000,21.5000
868,AW00011867,"Nathaniel James",53,"50 and above",New,2013-10-23,137,2,83,4,4,41.5000,20.7500
869,AW00011868,"Jessica Peterson",52,"50 and above",New,2013-12-17,135,5,248,11,10,49.6000,24.8000
870,AW00011869,"Kaitlyn Adams",40,40-49,New,2014-01-16,134,5,268,14,12,53.6000,26.8000
871,AW00011870,"Jillian Garcia",46,40-49,New,2014-01-17,134,2,242,5,5,121.0000,40.3333
872,AW00011871,"Dalton Bennett",46,40-49,New,2013-05-29,142,2,70,2,2,35.0000,23.3333
873,AW00011872,"Faith Patterson",46,40-49,VIP,2013-06-25,141,2,5948,5,5,2974.0000,297.4000
874,AW00011873,"Ryan Zhang",52,"50 and above",VIP,2013-06-06,141,2,5923,5,5,2961.5000,296.1500
875,AW00011874,"Adrian Bell",47,40-49,New,2014-01-18,134,2,72,5,5,36.0000,12.0000
876,AW00011875,"Jonathan Brown",59,"50 and above",New,2014-01-27,134,5,292,11,10,58.4000,32.4444
877,AW00011876,"Madison White",58,"50 and above",New,2013-09-24,138,2,83,4,4,41.5000,27.6667
878,AW00011877,"Alexis Diaz",58,"50 and above",New,2013-12-28,135,2,43,2,2,21.5000,21.5000
879,AW00011878,"Christine Nara",54,"50 and above",New,2013-12-12,135,2,83,4,4,41.5000,83.0000
880,AW00011879,"Edgar Sai",53,"50 and above",New,2013-11-02,137,2,107,5,5,53.5000,11.8889
881,AW00011880,"Melissa Sanchez",60,"50 and above",New,2013-11-03,137,2,50,4,4,25.0000,7.1429
882,AW00011881,"Richard Mitchell",60,"50 and above",New,2013-12-17,135,2,149,7,7,74.5000,149
883,AW00011882,"Patrick Stewart",49,40-49,New,2013-07-12,140,2,48,3,3,24.0000,9.6000
884,AW00011883,"Hannah Anderson",60,"50 and above",New,2013-11-14,136,2,77,4,4,38.5000,8.5556
885,AW00011884,"Latoya Shen",54,"50 and above",New,2013-12-29,135,2,110,4,3,55.0000,11.0000
886,AW00011885,"Kurt Sharma",54,"50 and above",VIP,2013-02-04,145,2,5900,3,3,2950.0000,368.7500
887,AW00011886,"Katelyn Parker",61,"50 and above",VIP,2013-06-17,141,2,5897,4,4,2948.5000,294.8500
888,AW00011887,"Joseph White",61,"50 and above",New,2013-06-27,141,2,83,4,4,41.5000,83.0000
889,AW00011888,"Aaron Ross",55,"50 and above",New,2013-03-18,144,1,2377,3,3,2377.0000,2377
890,AW00011889,"Blake Patterson",61,"50 and above",New,2013-03-04,144,2,50,4,4,25.0000,50.0000
891,AW00011890,"Whitney Lopez",60,"50 and above",New,2013-07-05,140,2,130,6,6,65.0000,32.5000
892,AW00011891,"Jamie Liang",55,"50 and above",New,2013-06-30,141,2,110,4,4,55.0000,36.6667
893,AW00011892,"Julio Ortega",49,40-49,VIP,2013-07-22,140,3,8119,5,5,2706.3333,369.0455
894,AW00011893,"Orlando Carlson",50,"50 and above",VIP,2013-07-23,140,3,8123,5,5,2707.6667,353.1739
895,AW00011894,"Ann Gonzalez",44,40-49,VIP,2013-07-06,140,3,8223,9,9,2741.0000,373.7727
896,AW00011895,"Dustin Chander",50,"50 and above",VIP,2013-07-25,140,3,8149,5,5,2716.3333,370.4091
897,AW00011896,"Frank Carlson",49,40-49,VIP,2013-07-11,140,3,8118,6,6,2706.0000,369.0000
898,AW00011897,"Orlando Ashe",50,"50 and above",VIP,2013-10-14,137,3,8203,6,5,2734.3333,315.5000
899,AW00011898,"Angela Henderson",49,40-49,VIP,2013-07-23,140,3,8179,6,6,2726.3333,371.7727
900,AW00011899,"Brenda Perez",49,40-49,VIP,2013-07-08,140,3,8189,7,7,2729.6667,372.2273
901,AW00011900,"Byron Carlson",44,40-49,VIP,2013-07-11,140,3,8257,7,7,2752.3333,375.3182
902,AW00011901,"Stacy Alvarez",51,"50 and above",VIP,2013-11-09,136,3,8248,7,6,2749.3333,317.2308
903,AW00011902,"Drew Pal",52,"50 and above",New,2013-12-29,135,3,62,6,5,20.6667,6.2000
904,AW00011903,"Kate Raji",39,30-39,VIP,2013-07-13,140,3,8108,4,4,2702.6667,368.5455
905,AW00011904,"Kaylee Cook",38,30-39,VIP,2013-07-01,141,3,8214,7,7,2738.0000,373.3636
906,AW00011905,"Isaiah Ramirez",50,"50 and above",VIP,2013-07-06,140,3,8156,7,7,2718.6667,354.6087
907,AW00011906,"Gabriella Sanders",52,"50 and above",VIP,2013-07-12,140,3,8151,7,7,2717.0000,370.5000
908,AW00011907,"Sarah Garcia",52,"50 and above",VIP,2013-07-20,140,3,8135,5,5,2711.6667,369.7727
909,AW00011908,"Rafael Tang",53,"50 and above",VIP,2013-08-23,139,3,8079,3,3,2693.0000,351.2609
910,AW00011909,"Nichole She",53,"50 and above",VIP,2013-08-01,140,3,8105,7,7,2701.6667,352.3913
911,AW00011910,"Jaclyn Zheng",53,"50 and above",VIP,2013-08-03,140,3,8113,5,5,2704.3333,368.7727
912,AW00011911,"Rachael Kapoor",52,"50 and above",New,2013-12-21,135,3,62,4,4,20.6667,10.3333
914,AW00011913,"Rebecca Robinson",54,"50 and above",New,2013-12-26,135,3,41,4,4,13.6667,41
915,AW00011914,"Meagan Rana",45,40-49,VIP,2013-08-23,139,3,8166,8,8,2722.0000,371.1818
917,AW00011916,"Joe Rana",48,40-49,VIP,2013-08-21,139,3,8179,7,7,2726.3333,371.7727
918,AW00011917,"Roy Sanz",53,"50 and above",VIP,2013-08-19,139,3,8121,6,6,2707.0000,369.1364
919,AW00011918,"Kaylee Hill",55,"50 and above",VIP,2013-11-25,136,3,8205,8,8,2735.0000,328.2000
920,AW00011919,"Warren Andersen",55,"50 and above",VIP,2013-12-21,135,3,8172,8,8,2724.0000,314.3077
921,AW00011920,"Adrienne Gomez",50,"50 and above",VIP,2013-12-11,135,3,8156,7,7,2718.6667,313.6923
922,AW00011921,"Gilbert Zhu",54,"50 and above",New,2013-11-23,136,3,63,5,5,21.0000,31.5000
923,AW00011922,"James Davis",40,40-49,New,2013-10-23,137,5,276,12,10,55.2000,34.5000
924,AW00011923,"Sarah Bryant",39,30-39,New,2014-01-09,134,2,43,2,2,21.5000,3.9091
925,AW00011924,"Ian Long",39,30-39,VIP,2013-06-19,141,2,5897,5,5,2948.5000,294.8500
926,AW00011925,"Ashlee Jai",40,40-49,VIP,2013-06-19,141,2,5968,5,5,2984.0000,298.4000
927,AW00011926,"Eduardo Foster",41,40-49,New,2013-06-18,141,2,48,3,3,24.0000,48.0000
928,AW00011927,"Nicole Murphy",41,40-49,New,2014-01-28,134,2,52,3,3,26.0000,52
929,AW00011928,"Isabella Morris",41,40-49,New,2013-12-13,135,2,48,3,3,24.0000,6.8571
930,AW00011929,"Virginia Gonzalez",62,"50 and above",Regular,2013-12-17,135,3,4965,8,7,1655.0000,190.9615
931,AW00011930,"Jaclyn Nara",72,"50 and above",VIP,2013-12-16,135,3,5035,5,5,1678.3333,193.6538
932,AW00011931,"Marcus Adams",40,40-49,New,2013-11-03,137,2,234,7,7,117.0000,26.0000
933,AW00011932,"Elizabeth Coleman",41,40-49,New,2013-07-25,140,2,136,6,6,68.0000,45.3333
934,AW00011933,"Mathew Rubio",42,40-49,VIP,2013-06-27,141,2,5933,3,3,2966.5000,296.6500
935,AW00011934,"Justin Shan",41,40-49,VIP,2013-06-10,141,2,5994,5,5,2997.0000,315.4737
936,AW00011935,"Jessica Taylor",41,40-49,New,2013-06-06,141,1,35,1,1,35.0000,35
937,AW00011936,"Hunter Clark",42,40-49,New,2013-04-05,143,1,42,3,3,42.0000,42
938,AW00011937,"Devin Perez",42,40-49,VIP,2013-07-02,141,2,5888,4,4,2944.0000,280.3810
939,AW00011938,"Seth Alexander",42,40-49,New,2014-01-09,134,2,43,2,2,21.5000,4.3000
940,AW00011939,"Kevin Washington",42,40-49,VIP,2013-06-19,141,2,5977,5,5,2988.5000,314.5789
941,AW00011940,"Tyler Miller",42,40-49,New,2013-12-25,135,2,70,2,2,35.0000,17.5000
942,AW00011941,"Adam Roberts",42,40-49,New,2013-11-02,137,2,109,5,5,54.5000,36.3333
943,AW00011942,"George Gonzalez",70,"50 and above",Regular,2013-12-19,135,3,4827,8,6,1609.0000,185.6538
944,AW00011943,"Dawn Huang",70,"50 and above",Regular,2013-12-13,135,3,4734,7,7,1578.0000,182.0769
945,AW00011944,"Rachael Rodriguez",68,"50 and above",Regular,2013-12-20,135,3,4776,9,8,1592.0000,183.6923
946,AW00011945,"Dennis Huang",39,30-39,VIP,2013-09-28,138,2,5910,4,4,2955.0000,256.9565
947,AW00011946,"Brandy Saunders",68,"50 and above",Regular,2013-12-22,135,3,4697,5,5,1565.6667,180.6538
948,AW00011947,"Jenny Zheng",67,"50 and above",Regular,2013-12-27,135,3,4747,6,6,1582.3333,182.5769
949,AW00011948,"Tasha Xu",68,"50 and above",New,2013-10-06,137,2,82,4,4,41.0000,82.0000
950,AW00011949,"Julia Brooks",38,30-39,New,2013-09-24,138,2,70,2,2,35.0000,35.0000
951,AW00011950,"Jordan Carter",40,40-49,New,2013-11-07,136,2,110,4,4,55.0000,12.2222
952,AW00011951,"Lacey Huang",67,"50 and above",New,2013-11-12,136,3,63,8,6,21.0000,21.0000
953,AW00011952,"Dorothy Robinson",65,"50 and above",VIP,2013-08-07,139,3,8169,7,7,2723.0000,371.3182
954,AW00011953,"Courtney Wright",44,40-49,New,2013-09-16,138,2,65,6,6,32.5000,9.2857
955,AW00011954,"Joseph Garcia",44,40-49,VIP,2013-06-18,141,2,5910,4,4,2955.0000,311.0526
956,AW00011955,"Gabriel Green",44,40-49,VIP,2013-06-28,141,2,5953,3,3,2976.5000,297.6500
957,AW00011956,"Alexandria Sandberg",39,30-39,VIP,2013-06-01,142,2,5873,2,2,2936.5000,293.6500
958,AW00011957,"Courtney Hernandez",46,40-49,New,2014-01-08,134,2,91,6,6,45.5000,8.2727
959,AW00011958,"Dylan Lal",46,40-49,New,2013-11-10,136,2,160,5,5,80.0000,32.0000
960,AW00011959,"Elizabeth Davis",46,40-49,New,2013-11-10,136,2,139,4,4,69.5000,17.3750
961,AW00011960,"Ana Griffin",46,40-49,New,2013-07-28,140,2,75,3,3,37.5000,18.7500
962,AW00011961,"Anne Alvarez",46,40-49,New,2013-10-08,137,2,72,3,3,36.0000,9.0000
963,AW00011962,"Alexandra Roberts",42,40-49,New,2013-08-16,139,2,103,4,4,51.5000,103
964,AW00011963,"Antonio Patterson",64,"50 and above",VIP,2013-08-23,139,3,8068,5,5,2689.3333,366.7273
965,AW00011964,"Sharon Salavaria",58,"50 and above",VIP,2013-08-09,139,3,8173,6,6,2724.3333,371.5000
966,AW00011965,"Katie She",62,"50 and above",New,2013-12-01,136,3,118,6,6,39.3333,11.8000
967,AW00011966,"Rafael Black",58,"50 and above",New,2013-12-18,135,3,55,4,4,18.3333,55.0000
968,AW00011967,"Latasha Munoz",62,"50 and above",VIP,2013-08-07,139,3,8153,6,6,2717.6667,370.5909
969,AW00011968,"Kelsey Becker",60,"50 and above",VIP,2013-08-17,139,3,8079,3,3,2693.0000,367.2273
970,AW00011969,"Randy Xu",61,"50 and above",VIP,2013-08-16,139,3,8173,6,6,2724.3333,371.5000
971,AW00011970,"Bailey Collins",40,40-49,New,2013-09-21,138,2,110,4,3,55.0000,27.5000
972,AW00011971,"Amanda Adams",46,40-49,New,2013-11-25,136,2,134,5,5,67.0000,19.1429
973,AW00011972,"Katherine Williams",45,40-49,New,2013-12-22,135,2,65,6,6,32.5000,65.0000
974,AW00011973,"Caroline Barnes",45,40-49,New,2013-03-10,144,2,89,5,5,44.5000,89.0000
975,AW00011974,"Randy Sun",45,40-49,New,2013-12-05,135,2,113,6,6,56.5000,56.5000
976,AW00011975,"Destiny Garcia",45,40-49,New,2013-10-14,137,2,209,6,6,104.5000,69.6667
977,AW00011976,"Audrey Ramos",54,"50 and above",VIP,2013-08-25,139,3,8087,6,6,2695.6667,367.5909
978,AW00011977,"Bonnie Jai",60,"50 and above",VIP,2013-08-15,139,3,8213,8,8,2737.6667,391.0952
979,AW00011978,"Jackson Washington",47,40-49,New,2013-11-13,136,2,75,3,3,37.5000,8.3333
980,AW00011979,"Christopher Johnson",62,"50 and above",New,2013-05-08,142,2,4814,8,8,2407.0000,1604.6667
981,AW00011980,"Kimberly Richardson",61,"50 and above",New,2013-11-28,136,2,108,5,5,54.0000,54.0000
982,AW00011981,"Alexandria Howard",62,"50 and above",New,2014-01-28,134,2,120,6,6,60.0000,13.3333
983,AW00011982,"Alexandra Foster",62,"50 and above",New,2013-10-02,138,2,105,5,5,52.5000,52.5000
984,AW00011983,"Cheryl Ortega",57,"50 and above",VIP,2013-02-21,145,2,5873,2,2,2936.5000,391.5333
985,AW00011984,"Alex Campbell",62,"50 and above",New,2013-05-06,142,2,4730,6,6,2365.0000,1576.6667
986,AW00011985,"Melanie Hughes",61,"50 and above",New,2014-01-05,134,2,90,3,3,45.0000,8.1818
987,AW00011986,"Max Alvarez",56,"50 and above",VIP,2013-08-27,139,3,8245,11,11,2748.3333,392.6190
988,AW00011987,"Diane Vazquez",51,"50 and above",New,2013-11-10,136,3,278,8,7,92.6667,55.6000
989,AW00011988,"Kathryn Chapman",57,"50 and above",VIP,2013-08-06,139,3,8078,6,6,2692.6667,384.6667
990,AW00011989,"Kara Anand",41,40-49,VIP,2013-08-06,139,3,8140,5,5,2713.3333,387.6190
991,AW00011990,"Joanna Vazquez",57,"50 and above",VIP,2013-08-22,139,3,8164,7,6,2721.3333,388.7619
992,AW00011991,"Frederick Martinez",57,"50 and above",VIP,2013-12-19,135,3,8128,6,6,2709.3333,325.1200
993,AW00011992,"Tonya Chande",52,"50 and above",VIP,2013-12-11,135,3,8123,5,5,2707.6667,324.9200
994,AW00011993,"Rosa Wang",47,40-49,VIP,2013-12-23,135,3,8131,7,7,2710.3333,325.2400
995,AW00011994,"Leah Hu",47,40-49,VIP,2013-08-23,139,3,8169,5,5,2723.0000,389.0000
996,AW00011995,"Kelvin Carson",59,"50 and above",VIP,2013-12-10,135,3,8249,7,7,2749.6667,329.9600
997,AW00011996,"Veronica Srini",59,"50 and above",VIP,2013-08-02,140,3,7059,11,10,2353.0000,336.1429
998,AW00011997,"Kristina Kapoor",53,"50 and above",VIP,2013-08-14,139,3,7030,7,7,2343.3333,334.7619
999,AW00011998,"Donna Sharma",59,"50 and above",VIP,2013-08-28,139,3,6962,7,7,2320.6667,331.5238
1000,AW00011999,"Johnny Shan",59,"50 and above",VIP,2013-08-02,140,3,7043,9,9,2347.6667,335.3810
1001,AW00012000,"Ashley Russell",54,"50 and above",VIP,2013-08-15,139,3,8183,8,8,2727.6667,389.6667
1002,AW00012001,"Shannon Yang",43,40-49,VIP,2013-08-14,139,3,8113,7,7,2704.3333,386.3333
1003,AW00012002,"Adriana Lopez",55,"50 and above",VIP,2013-08-03,140,3,8145,6,6,2715.0000,387.8571
1004,AW00012003,"Audrey Munoz",45,40-49,VIP,2013-08-10,139,3,8256,8,8,2752.0000,393.1429
1005,AW00012004,"Jarrod Suri",50,"50 and above",VIP,2013-08-08,139,3,8114,4,4,2704.6667,386.3810
1006,AW00012005,"Gilbert Shen",51,"50 and above",VIP,2013-08-17,139,3,6985,6,6,2328.3333,332.6190
1007,AW00012006,"Richard Blue",52,"50 and above",New,2013-07-29,140,3,144,6,6,48.0000,72.0000
1008,AW00012007,"Shannon Sun",58,"50 and above",VIP,2013-09-21,138,3,7024,8,7,2341.3333,334.4762
